videoId,text,likeCount,published,text_raw,text_clean,tokens,is_question,question_category,question_confidence,llm_error,classification_source
FMUmSNtWlEU,지금 막 시작했는대 메인 퀘 다스킵하기가 안대던대 왜그런건가요,1,2026-08-12 22:58:31+00:00,지금 막 시작했는대 메인 퀘 다스킵하기가 안대던대 왜그런건가요,지금 막 시작했는대 메인 퀘 다스킵하기가 안대던대 왜그런건가요,"['시작', '메인', '퀘', '다스', '킵', '대', '거']",True,시스템,1.0,,
mQo4xmzyIgY,근대 지금 메이플 키워도 좋을까요?,0,2026-08-12 20:50:49+00:00,근대 지금 메이플 키워도 좋을까요?,근대 지금 메이플 키워도 좋을까요?,"['근대', '메이플', '키우', '좋']",True,육성_레벨링,1.0,,
mQo4xmzyIgY,저어 .. 응애인데요ㅠㅠ 하이퍼가 조금조금 성장하고보면 계속 스탯이 바뀌는데 그때마다 초기화 해야할까요 ㅠㅠ? 막 공마8까지 올리라고해서 올렸다가 나중에 다시보면 6으로 바뀌고 다른게 올라가져 있어서요 ㅠㅠ,2,2026-08-11 18:55:20+00:00,저어 .. 응애인데요ㅠㅠ 하이퍼가 조금조금 성장하고보면 계속 스탯이 바뀌는데 그때마다 초기화 해야할까요 ㅠㅠ? 막 공마8까지 올리라고해서 올렸다가 나중에 다시보면 6으로 바뀌고 다른게 올라가져 있어서요 ㅠㅠ,저어 응애인데요ㅠㅠ 하이퍼가 조금조금 성장하고보면 계속 스탯이 바뀌는데 그때마다 초기화 해야할까요 ㅠㅠ? 막 공마8까지 올리라고해서 올렸다가 나중에 다시보면 6으로 바뀌고 다른게 올라가져 있어서요 ㅠㅠ,"['젓', '애', '하이퍼', '성장', '스탯', '바뀌', '그때', '초기', '공마', '올리', '하', '올리', '나중', '보', '바뀌', '것', '올라가']",True,육성_레벨링,1.0,,
mQo4xmzyIgY,레테스킬에는 방무가 있던데 그래도 따로 방무가필요할까요?,1,2026-08-11 18:37:26+00:00,레테스킬에는 방무가 있던데 그래도 따로 방무가필요할까요?,레테스킬에는 방무가 있던데 그래도 따로 방무가필요할까요?,"['레테', '스킬', '방무', '있', '방', '무', '필요']",True,스펙업,1.0,,
9saj1Kg7S1I,일단 280까지 찍고 영상처럼 옵션작하면 되는 건가요??,1,2026-08-11 16:23:24+00:00,일단 280까지 찍고 영상처럼 옵션작하면 되는 건가요??,일단 280까지 찍고 영상처럼 옵션작하면 되는 건가요??,"['찍', '영상', '옵션', '작', '되', '거']",True,육성_레벨링,1.0,,
mQo4xmzyIgY,"템화6.7이면 전투력이 2억이나 나와요?

패파라서그런가 템환6.7로 1.4억이던데",1,2026-08-11 13:57:16+00:00,"템화6.7이면 전투력이 2억이나 나와요?

패파라서그런가 템환6.7로 1.4억이던데",템화6 7이면 전투력이 2억이나 나와요? 패파라서그런가 템환6 7로 1 4억이던데,"['템', '전투력', '나오', '패파', '그렇', '템환']",True,스펙업,0.95,,
mQo4xmzyIgY,내실도 해줘,1,2026-08-11 12:31:00+00:00,내실도 해줘,내실도 해줘,"['내실', '하']",True,육성_레벨링,0.9,,
mQo4xmzyIgY,"선생님의 영상에 도움을 받아
메린이가 마침내 챌린저 달성했어요
그런데 이제부터 뭘 하면 좋을지 모르겠어요",2,2026-08-11 12:20:51+00:00,"선생님의 영상에 도움을 받아
메린이가 마침내 챌린저 달성했어요
그런데 이제부터 뭘 하면 좋을지 모르겠어요",선생님의 영상에 도움을 받아 메린이가 마침내 챌린저 달성했어요 그런데 이제부터 뭘 하면 좋을지 모르겠어요,"['선생', '영상', '도움', '받', '메리', '이', '챌린저', '달성', '이제', '하', '좋', '모르']",True,육성_레벨링,1.0,,
oHLCAyjxywA,맑음님은 몇채널인지 공개하라 공개하라 !!!,2,2026-08-11 11:49:27+00:00,맑음님은 몇채널인지 공개하라 공개하라 !!!,맑음님은 몇채널인지 공개하라 공개하라,"['맑음', '채널', '공개', '공개']",True,기타,0.8,,
oHLCAyjxywA,브금이 너무 큰거같은데 나만 그런가..,0,2026-08-11 11:21:59+00:00,브금이 너무 큰거같은데 나만 그런가..,브금이 너무 큰거같은데 나만 그런가,"['브금', '크', '거', '같', '그렇']",True,시스템,0.95,,
mQo4xmzyIgY,4:53 해주세요,6,2026-08-11 11:14:42+00:00,4:53 해주세요,4 53 해주세요,[],True,보스,0.9,,
mQo4xmzyIgY,1주차라는게 영상업로드 기준인가요 아니면 이번 목요일부터 시작되는건가요!!? 유입 4일차라 여쭙습니다,1,2026-08-11 10:06:43+00:00,1주차라는게 영상업로드 기준인가요 아니면 이번 목요일부터 시작되는건가요!!? 유입 4일차라 여쭙습니다,1주차라는게 영상업로드 기준인가요 아니면 이번 목요일부터 시작되는건가요 ? 유입 4일차라 여쭙습니다,"['주', '차', '것', '영상', '업로드', '기준', '이번', '목요일', '시작', '거', '유입', '일', '차', '여쭙']",True,이벤트,1.0,,
6nCTgra84_8,라방일정은 어떻게 아나요?,0,2026-08-11 10:04:09+00:00,라방일정은 어떻게 아나요?,라방일정은 어떻게 아나요?,"['라', '방', '일정', '어떻', '알']",True,기타,1.0,,
mQo4xmzyIgY,리프하면 방어구 없어지는거 아닌가여?,1,2026-08-11 10:01:02+00:00,리프하면 방어구 없어지는거 아닌가여?,리프하면 방어구 없어지는거 아닌가여?,"['리프', '방어', '구', '없', '거']",True,장비_아이템,0.95,,
mQo4xmzyIgY,1억에서 2억으로 갈 때 칠흑은 어느부위 부터 가는게 정배일까요,1,2026-08-11 09:56:46+00:00,1억에서 2억으로 갈 때 칠흑은 어느부위 부터 가는게 정배일까요,1억에서 2억으로 갈 때 칠흑은 어느부위 부터 가는게 정배일까요,"['가', '때', '칠흑', '부위', '가', '것', '배']",True,장비_아이템,1.0,,
mQo4xmzyIgY,"항상 감사합니다
좋아요 댓글은 채널유지에 큰힘이 됩니다!

0:21 전투력 1억 필수인 해방 무기 패스 사야할까?
01:42 검밑솔에서 데미지가 안나오는 이유
03:35 전투력 1억은 어떻게 가는가?
05:48 전투력 2~3억은 괴수인가!


영상과 상관없는 내용이나 과도한 직업비하는
삭제가 되니까 이부분 양해부탁드립니다

채널에 가입하여 혜택을 누려보세요.
https://www.youtube.com/channel/UClLl6MY6ad9f_bZDHxdzqww/join

잼이카페
cafe.naver.com/zamegame

잼이 치지직
https://chzzk.naver.com/fc472e07e10f4e2fb7ee9db67d29120d

목 건강이 나빠서 이중 더빙을 하고 있습니다

ai 성우 사용중입니다

[메이플 장편] 월수금 1편씩 오후 6시 업로드",1,2026-08-11 09:52:10+00:00,"항상 감사합니다
좋아요 댓글은 채널유지에 큰힘이 됩니다!

0:21 전투력 1억 필수인 해방 무기 패스 사야할까?
01:42 검밑솔에서 데미지가 안나오는 이유
03:35 전투력 1억은 어떻게 가는가?
05:48 전투력 2~3억은 괴수인가!


영상과 상관없는 내용이나 과도한 직업비하는
삭제가 되니까 이부분 양해부탁드립니다

채널에 가입하여 혜택을 누려보세요.
https://www.youtube.com/channel/UClLl6MY6ad9f_bZDHxdzqww/join

잼이카페
cafe.naver.com/zamegame

잼이 치지직
https://chzzk.naver.com/fc472e07e10f4e2fb7ee9db67d29120d

목 건강이 나빠서 이중 더빙을 하고 있습니다

ai 성우 사용중입니다

[메이플 장편] 월수금 1편씩 오후 6시 업로드",항상 감사합니다 좋아요 댓글은 채널유지에 큰힘이 됩니다 0 21 전투력 1억 필수인 해방 무기 패스 사야할까? 01 42 검밑솔에서 데미지가 안나오는 이유 03 35 전투력 1억은 어떻게 가는가? 05 48 전투력 2 3억은 괴수인가 영상과 상관없는 내용이나 과도한 직업비하는 삭제가 되니까 이부분 양해부탁드립니다 채널에 가입하여 혜택을 누려보세요 잼이카페 cafe naver com zamegame 잼이 치지직 목 건강이 나빠서 이중 더빙을 하고 있습니다 ai 성우 사용중입니다 메이플 장편 월수금 1편씩 오후 6시 업로드,"['감사', '좋', '댓글', '채널', '유지', '크', '힘', '되', '전투력', '필수', '해방', '무기', '패스', '사', '검', '밑', '솔', '데미지', '나오', '이유', '전투력', '어떻', '가', '전투력', '괴수', '영상', '상관없', '내용', '과도', '직업', '비하', '삭제', '되', '부분', '양해', '부탁', '드리', '채널', '가입', '혜택', '누리', '잼이카페', '잼', '목', '건강', '나쁘', '이중', '더빙', '하', '성우', '사용', '중', '메이플', '장편', '월', '수금', '편', '오후', '시', '업로드']",True,스펙업,0.95,,
oHLCAyjxywA,내가잡는 림흉발은 노멀인가? 진짜 에픽빔 절대없던데 여긴 무슨 매주뜨네,0,2026-08-11 07:56:06+00:00,내가잡는 림흉발은 노멀인가? 진짜 에픽빔 절대없던데 여긴 무슨 매주뜨네,내가잡는 림흉발은 노멀인가? 진짜 에픽빔 절대없던데 여긴 무슨 매주뜨네,"['잡', '림흉발', '노멀', '에픽빔', '없', '뜨']",True,보스,0.95,,
oHLCAyjxywA,맑음님 정도 스팩 이면 상위 10위권 되나? 퍼클 에도 여러번 이름 올리니까,0,2026-08-11 07:45:21+00:00,맑음님 정도 스팩 이면 상위 10위권 되나? 퍼클 에도 여러번 이름 올리니까,맑음님 정도 스팩 이면 상위 10위권 되나? 퍼클 에도 여러번 이름 올리니까,"['맑음', '정도', '스팩', '상위', '위', '되', '퍼클', '번', '이름', '올리']",True,스펙업,0.9,,
oHLCAyjxywA,다음 신규 보스 추가되면 수익 어떨지 궁금하네요!,0,2026-08-11 07:09:52+00:00,다음 신규 보스 추가되면 수익 어떨지 궁금하네요!,다음 신규 보스 추가되면 수익 어떨지 궁금하네요,"['다음', '신규', '보스', '추가', '수익', '어떻', '궁금하']",True,보스,0.95,,
oHLCAyjxywA,달에 약 240만원정도 벌기 위해 총 큰 거 몇장정도 썼을려나 궁금하다,1,2026-08-11 06:47:48+00:00,달에 약 240만원정도 벌기 위해 총 큰 거 몇장정도 썼을려나 궁금하다,달에 약 240만원정도 벌기 위해 총 큰 거 몇장정도 썼을려나 궁금하다,"['달', '원', '정도', '벌', '위하', '크', '거', '장', '정도', '쓰']",True,재화_경제,0.9,,
oHLCAyjxywA,근데 1주차 결정이 196억인데 칠흑이랑 이거저거 합쳐서 204억인건가여..?,0,2026-08-11 05:18:43+00:00,근데 1주차 결정이 196억인데 칠흑이랑 이거저거 합쳐서 204억인건가여..?,근데 1주차 결정이 196억인데 칠흑이랑 이거저거 합쳐서 204억인건가여 ?,"['주', '차', '결정', '칠흑', '합치', '거']",True,보스,0.95,,
oHLCAyjxywA,보스로만 번거지요? ㄷㄷ,0,2026-08-11 05:14:23+00:00,보스로만 번거지요? ㄷㄷ,보스로만 번거지요? ㄷㄷ,"['보스', '벌', '거']",True,보스,0.9,,
9mbc6ESMMvo,스쿼드 계산기 사이트 이제 카오스 1-2 이후로 입력이 안되던데 저만 그런가요,0,2026-08-10 10:28:29+00:00,스쿼드 계산기 사이트 이제 카오스 1-2 이후로 입력이 안되던데 저만 그런가요,스쿼드 계산기 사이트 이제 카오스 1 2 이후로 입력이 안되던데 저만 그런가요,"['스쿼드', '계산기', '사이트', '카오스', '이후', '입력', '되', '그렇']",True,시스템,0.95,,gemini
6nCTgra84_8,이번 업데이트때 결정석 너프도 같이 올것같은데,0,2026-08-09 23:27:12+00:00,이번 업데이트때 결정석 너프도 같이 올것같은데,이번 업데이트때 결정석 너프도 같이 올것같은데,"['이번', '업데이트', '때', '결정', '석', '너프', '오', '것', '같']",True,이벤트,0.8,,
6nCTgra84_8,오늘은 앞쪽이 피아노 브금 머야!!,0,2026-08-09 22:57:10+00:00,오늘은 앞쪽이 피아노 브금 머야!!,오늘은 앞쪽이 피아노 브금 머야,"['오늘', '앞쪽', '피아노', '브금']",True,기타,0.95,,
6nCTgra84_8,모멘텀 패스 2차 있지않나,0,2026-08-09 17:44:19+00:00,모멘텀 패스 2차 있지않나,모멘텀 패스 2차 있지않나,"['모멘텀', '패스', '차', '있']",True,이벤트,0.95,,
6nCTgra84_8,브금 아시는 분? 설명란에 써주면 참 좋을텐데 매번 물어보게 만드네..,0,2026-08-09 10:19:59+00:00,브금 아시는 분? 설명란에 써주면 참 좋을텐데 매번 물어보게 만드네..,브금 아시는 분? 설명란에 써주면 참 좋을텐데 매번 물어보게 만드네,"['브금', '분', '설명', '란', '쓰', '좋', '터', '묻', '만들']",True,기타,0.95,,
6nCTgra84_8,"나한테는 이세계 이야기..
벨로나 생긴게 
어떤 애니에서 등장하는
누군가와 꼭 닮았는데 그게 누군지...;;
어두컴컴한 벽장에 틀어박혀서
외부와 단절한체 조용히 콩나물이나
재배하고 있을듯하게 생겼는데...
아!! 누구더라!!!!!",1,2026-08-09 06:38:39+00:00,"나한테는 이세계 이야기..
벨로나 생긴게 
어떤 애니에서 등장하는
누군가와 꼭 닮았는데 그게 누군지...;;
어두컴컴한 벽장에 틀어박혀서
외부와 단절한체 조용히 콩나물이나
재배하고 있을듯하게 생겼는데...
아!! 누구더라!!!!!",나한테는 이세계 이야기 벨로나 생긴게 어떤 애니에서 등장하는 누군가와 꼭 닮았는데 그게 누군지 어두컴컴한 벽장에 틀어박혀서 외부와 단절한체 조용히 콩나물이나 재배하고 있을듯하게 생겼는데 아 누구더라,"['세계', '이야기', '벨', '생기', '것', '애니', '등장', '닮', '벽장', '틀어박히', '외부', '단절', '체', '콩나물', '재배', '듯', '생기']",True,기타,0.9,,gemini
1ArZ9wfeyqA,200렙 마지막 단계에서 문이 10분째 안열리는데 버그인가요 재접도 해봤는데..,1,2026-08-09 04:43:20+00:00,200렙 마지막 단계에서 문이 10분째 안열리는데 버그인가요 재접도 해봤는데..,200렙 마지막 단계에서 문이 10분째 안열리는데 버그인가요 재접도 해봤는데,"['200렙', '마지막', '단계', '문', '분', '열리', '버그인가요', '재접', '하']",True,시스템,1.0,,
9saj1Kg7S1I,"레테하면서 하드 데미안까지 해치우고 276에 전투력 3300만까지 만들긴했는데 힐라에서 막혔어요 ㅠㅠ 패턴도 나름 다 익혔는데도 똥손이라..
무조건 제네시스 해방을 해야 한다고 하셨지만 한국 휴대폰도 카드도 없어서 지인찬스로 겨우 만든 계정에, 캐시 충전도 어려워서 패스도 못샀고요. 진짜 어떻게 해야하나요?",1,2026-08-09 04:07:52+00:00,"레테하면서 하드 데미안까지 해치우고 276에 전투력 3300만까지 만들긴했는데 힐라에서 막혔어요 ㅠㅠ 패턴도 나름 다 익혔는데도 똥손이라..
무조건 제네시스 해방을 해야 한다고 하셨지만 한국 휴대폰도 카드도 없어서 지인찬스로 겨우 만든 계정에, 캐시 충전도 어려워서 패스도 못샀고요. 진짜 어떻게 해야하나요?",레테하면서 하드 데미안까지 해치우고 276에 전투력 3300만까지 만들긴했는데 힐라에서 막혔어요 ㅠㅠ 패턴도 나름 다 익혔는데도 똥손이라 무조건 제네시스 해방을 해야 한다고 하셨지만 한국 휴대폰도 카드도 없어서 지인찬스로 겨우 만든 계정에 캐시 충전도 어려워서 패스도 못샀고요 진짜 어떻게 해야하나요?,"['레테', '하드', '데미안', '해치우', '전투력', '만들', '힐라', '막히', '패턴', '나름', '익히', '똥', '손', '제네시스', '해방', '하', '하', '한국', '휴대폰', '카드', '없', '지인', '찬스', '만들', '계정', '캐시', '충전', '어렵', '패스', '사', '어떻', '하']",True,육성_레벨링,0.95,,
6nCTgra84_8,노래 뭔가요?,0,2026-08-09 03:52:24+00:00,노래 뭔가요?,노래 뭔가요?,['노래'],True,기타,1.0,,
6nCTgra84_8,흉성도 이지모드 좀,0,2026-08-09 03:48:52+00:00,흉성도 이지모드 좀,흉성도 이지모드 좀,"['흉성', '이지', '모드']",True,보스,0.9,,
6nCTgra84_8,홀로 싸우고 있는 이데아는 어떻게 되었을까요.?,1,2026-08-09 03:42:03+00:00,홀로 싸우고 있는 이데아는 어떻게 되었을까요.?,홀로 싸우고 있는 이데아는 어떻게 되었을까요 ?,"['싸우', '이데아', '어떻', '되']",True,기타,0.95,,
6nCTgra84_8,8.9면 노벨 솔플 널널컷 가능?,0,2026-08-09 03:30:57+00:00,8.9면 노벨 솔플 널널컷 가능?,8 9면 노벨 솔플 널널컷 가능?,"['노벨', '솔플', '컷', '가능']",True,보스,1.0,,
6nCTgra84_8,마깃안 루컨마가 1자릿수 억대로 떨어질까?,0,2026-08-09 03:16:00+00:00,마깃안 루컨마가 1자릿수 억대로 떨어질까?,마깃안 루컨마가 1자릿수 억대로 떨어질까?,"['마', '깃', '안', '루컨마', '자릿수', '떨어지']",True,장비_아이템,0.95,,
6nCTgra84_8,음... 미하일 상향버프에 관한 소식은 없나요??,6,2026-08-09 03:07:06+00:00,음... 미하일 상향버프에 관한 소식은 없나요??,음 미하일 상향버프에 관한 소식은 없나요??,"['미하일', '상향버프', '관하', '소식', '없']",True,기타,0.95,,
9saj1Kg7S1I,1억 투력 가는데 메소는 평균적으로 대략 얼마쯤 드나요,1,2026-08-08 19:47:56+00:00,1억 투력 가는데 메소는 평균적으로 대략 얼마쯤 드나요,1억 투력 가는데 메소는 평균적으로 대략 얼마쯤 드나요,"['투력', '가', '메소', '평균', '얼마', '들']",True,스펙업,1.0,,
9saj1Kg7S1I,내일부터 메이플복귀할려하는데 괜찮을까요?? 아니면 이번이벤트끝나고 복귀할까요..?,1,2026-08-08 18:14:22+00:00,내일부터 메이플복귀할려하는데 괜찮을까요?? 아니면 이번이벤트끝나고 복귀할까요..?,내일부터 메이플복귀할려하는데 괜찮을까요?? 아니면 이번이벤트끝나고 복귀할까요 ?,"['내일', '메이플', '복귀', '괜찮', '이번', '이벤트', '끝나', '복귀']",True,이벤트,1.0,,
9saj1Kg7S1I,"아델장아찌 <- 솔직히 챌린저는 어려울 것 같고 플라즈마 하트 교환권이 있는 다이아가 목표인 메린이입니다. 어떻게어떻게 해서 4천만까지 왔는데 하드 진힐라, 하드 듄켈, 노말 메이린 해야 딱 5만점 할 것 같더라고요. 아직까지 희망이 있을까요..? 너무 똥손이라 걱정입니다 ㅠㅠㅠ (심지어 제내 패스도 안함..)",1,2026-08-08 17:44:33+00:00,"아델장아찌 <- 솔직히 챌린저는 어려울 것 같고 플라즈마 하트 교환권이 있는 다이아가 목표인 메린이입니다. 어떻게어떻게 해서 4천만까지 왔는데 하드 진힐라, 하드 듄켈, 노말 메이린 해야 딱 5만점 할 것 같더라고요. 아직까지 희망이 있을까요..? 너무 똥손이라 걱정입니다 ㅠㅠㅠ (심지어 제내 패스도 안함..)",아델장아찌 솔직히 챌린저는 어려울 것 같고 플라즈마 하트 교환권이 있는 다이아가 목표인 메린이입니다 어떻게어떻게 해서 4천만까지 왔는데 하드 진힐라 하드 듄켈 노말 메이린 해야 딱 5만점 할 것 같더라고요 아직까지 희망이 있을까요 ? 너무 똥손이라 걱정입니다 ㅠㅠ 심지어 제내 패스도 안함,"['아델장아찌', '챌린저', '어렵', '것', '같', '플라즈마', '하트', '교환', '있', '다이아', '목표', '메린이', '어떻', '어떻', '하', '오', '하드', '진힐라', '하드', '듄켈', '노말', '메이', '린', '점', '하', '것', '같', '희망', '있', '똥', '손', '걱정', '패스', '하']",True,육성_레벨링,0.95,,
9saj1Kg7S1I,챌섭 코인샵 활용법 링크가 없는건가요 ?? 제목이 틀린가요 ? 그리구 지금 제네시스 3단계고 355 흔적입니다 이번주 보스를 다 잡은 상태에서 제네시스 패스를 구매했는데 다 얻을수있을까요?,1,2026-08-08 17:37:06+00:00,챌섭 코인샵 활용법 링크가 없는건가요 ?? 제목이 틀린가요 ? 그리구 지금 제네시스 3단계고 355 흔적입니다 이번주 보스를 다 잡은 상태에서 제네시스 패스를 구매했는데 다 얻을수있을까요?,챌섭 코인샵 활용법 링크가 없는건가요 ?? 제목이 틀린가요 ? 그리구 지금 제네시스 3단계고 355 흔적입니다 이번주 보스를 다 잡은 상태에서 제네시스 패스를 구매했는데 다 얻을수있을까요?,"['챌섭', '코인', '샵', '활용법', '링크', '없', '거', '제목', '틀리', '제네시스', '단계', '고', '흔적', '이번', '주', '보스', '잡', '상태', '제네시스', '패스', '구매', '얻', '수', '있']",True,이벤트,0.95,,
9mbc6ESMMvo,형님 메m 렌 이벤트 공략좀 올려주세요,0,2026-08-08 17:35:31+00:00,형님 메m 렌 이벤트 공략좀 올려주세요,형님 메m 렌 이벤트 공략좀 올려주세요,"['형', '메', '렌', '이벤트', '공략', '올리']",True,이벤트,0.95,,
9saj1Kg7S1I,제가 진짜 메이플 아예 처음인데 환산주스텟 이게 뭔지 자세히 설명이랑 어떻게 해야 하는지 영상이나 댓글 남겨 주실수 있나요,1,2026-08-08 17:17:24+00:00,제가 진짜 메이플 아예 처음인데 환산주스텟 이게 뭔지 자세히 설명이랑 어떻게 해야 하는지 영상이나 댓글 남겨 주실수 있나요,제가 진짜 메이플 아예 처음인데 환산주스텟 이게 뭔지 자세히 설명이랑 어떻게 해야 하는지 영상이나 댓글 남겨 주실수 있나요,"['메이플', '처음', '환산주스텟', '설명', '어떻', '하', '영상', '댓글', '남기', '수', '있']",True,스펙업,1.0,,
9saj1Kg7S1I,"뿨킹 듀블은 투력 1.2를 찍어도 배율이 90프로...헥환도 4.35 정돈데 대체 어느정도까지 해줘야 하는지ㅠㅠ 아버 끝까지 올렸고 장신구들도 윗잠 평균 18퍼, 에디 평균 1.7줄에 추옵은 평균 120급에 3부위빼고 18 둘둘인데",1,2026-08-08 15:33:08+00:00,"뿨킹 듀블은 투력 1.2를 찍어도 배율이 90프로...헥환도 4.35 정돈데 대체 어느정도까지 해줘야 하는지ㅠㅠ 아버 끝까지 올렸고 장신구들도 윗잠 평균 18퍼, 에디 평균 1.7줄에 추옵은 평균 120급에 3부위빼고 18 둘둘인데",뿨킹 듀블은 투력 1 2를 찍어도 배율이 90프로 헥환도 4 35 정돈데 대체 어느정도까지 해줘야 하는지ㅠㅠ 아버 끝까지 올렸고 장신구들도 윗잠 평균 18퍼 에디 평균 1 7줄에 추옵은 평균 120급에 3부위빼고 18 둘둘인데,"['뿨킹', '듀블', '투력', '찍', '배율', '프로', '도', '정도', '정도', '하', '아버', '끝', '올리', '장신구', '잠', '평균', '퍼', '에디', '평균', '줄', '추', '평균', '급', '부위', '빼']",True,스펙업,0.95,,
9saj1Kg7S1I,"레벨 278에 전투력 1천4백정도인데.. 
어떻게 전투력을 올리는지 몰라서 답답했는데 이런 영상 감사합니다ㅠㅠ 가이드 없으면 진짜 게임이 복잡하네요ㅜㅠ",1,2026-08-08 15:20:18+00:00,"레벨 278에 전투력 1천4백정도인데.. 
어떻게 전투력을 올리는지 몰라서 답답했는데 이런 영상 감사합니다ㅠㅠ 가이드 없으면 진짜 게임이 복잡하네요ㅜㅠ",레벨 278에 전투력 1천4백정도인데 어떻게 전투력을 올리는지 몰라서 답답했는데 이런 영상 감사합니다ㅠㅠ 가이드 없으면 진짜 게임이 복잡하네요ㅜㅠ,"['레벨', '전투력', '정도', '어떻', '전투력', '올리', '모르', '답답하', '영상', '감사', '가이드', '없', '게임']",True,스펙업,0.9,,
FMUmSNtWlEU,모르고 저 슈피겔만 아저씨 놓쳤는데 어디서 다시하나요?,1,2026-08-08 14:47:35+00:00,모르고 저 슈피겔만 아저씨 놓쳤는데 어디서 다시하나요?,모르고 저 슈피겔만 아저씨 놓쳤는데 어디서 다시하나요?,"['모르', '슈피겔만', '아저씨', '놓치', '하']",True,시스템,0.95,,gemini
f3DLA1EU8vw,8:27 1-1 반복세팅,0,2026-08-08 13:06:33+00:00,8:27 1-1 반복세팅,8 27 1 1 반복세팅,"['반복', '세팅']",True,사냥,0.95,,gemini
vtXkiF-GE9I,"8:47 신규 기능이 아니라 변경 아닌가?
심상세계에서 추가 공격 원래 100% 발동하던게 50% 확률로 너프된게 아니였나?
내가 틀린건가보네",0,2026-08-08 12:00:29+00:00,"8:47 신규 기능이 아니라 변경 아닌가?
심상세계에서 추가 공격 원래 100% 발동하던게 50% 확률로 너프된게 아니였나?
내가 틀린건가보네",8 47 신규 기능이 아니라 변경 아닌가? 심상세계에서 추가 공격 원래 100 발동하던게 50 확률로 너프된게 아니였나? 내가 틀린건가보네,"['신규', '기능', '변경', '심상', '세계', '추가', '공격', '원래', '발동', '것', '확률', '너프', '것', '틀리', '거']",True,시스템,0.95,,
FMUmSNtWlEU,지금 시작해도 260 갈만한가요?,3,2026-08-08 10:59:12+00:00,지금 시작해도 260 갈만한가요?,지금 시작해도 260 갈만한가요?,"['시작', '가', '만']",True,육성_레벨링,1.0,,
9saj1Kg7S1I,메이플 지금 시작하는건 늦었나요,1,2026-08-08 07:39:34+00:00,메이플 지금 시작하는건 늦었나요,메이플 지금 시작하는건 늦었나요,"['메이플', '시작', '거', '늦']",True,육성_레벨링,1.0,,
9saj1Kg7S1I,담 하버맥스 언제쯤 할까요 도전자 장비 끝날때쯤??,1,2026-08-08 01:53:38+00:00,담 하버맥스 언제쯤 할까요 도전자 장비 끝날때쯤??,담 하버맥스 언제쯤 할까요 도전자 장비 끝날때쯤??,"['담', '하버맥스', '하', '도전자', '장비', '끝나', '때']",True,이벤트,0.95,,
9saj1Kg7S1I,"안녕하세요 뉴비인데 제가 지금 트왈이라이트,에스텔라,데이브레이크? 이렇게 있는데 놀긍떡작을 하라고 해서 모두다 놀긍떡장을 했는데 프리미엄 악세 마력 주문서 이거 코인같은걸로 사서 작해도 될가요? 아니면 그냥 놀긍작 떡으로 놔둘까여? 지금은 챌섭 60500점이고 9만점 찍어서 야누스 20 받고 싶어서요",1,2026-08-08 01:27:43+00:00,"안녕하세요 뉴비인데 제가 지금 트왈이라이트,에스텔라,데이브레이크? 이렇게 있는데 놀긍떡작을 하라고 해서 모두다 놀긍떡장을 했는데 프리미엄 악세 마력 주문서 이거 코인같은걸로 사서 작해도 될가요? 아니면 그냥 놀긍작 떡으로 놔둘까여? 지금은 챌섭 60500점이고 9만점 찍어서 야누스 20 받고 싶어서요",안녕하세요 뉴비인데 제가 지금 트왈이라이트 에스텔라 데이브레이크? 이렇게 있는데 놀긍떡작을 하라고 해서 모두다 놀긍떡장을 했는데 프리미엄 악세 마력 주문서 이거 코인같은걸로 사서 작해도 될가요? 아니면 그냥 놀긍작 떡으로 놔둘까여? 지금은 챌섭 60500점이고 9만점 찍어서 야누스 20 받고 싶어서요,"['안녕', '뉴비', '트왈이라이트', '에스텔라', '데이브레이크', '있', '데', '놀긍떡작', '하', '하', '놀긍떡장', '하', '프리미엄', '악', '마력', '주문서', '코인', '같', '걸', '사', '작', '되', '가', '놀긍작', '떡', '놔두', '지금', '챌섭', '점', '점', '찍', '야누스', '받']",True,장비_아이템,0.95,,
9saj1Kg7S1I,현재 투력 5000이고 다음주 해방인데 챌린저 가능할까요..?,1,2026-08-08 01:11:43+00:00,현재 투력 5000이고 다음주 해방인데 챌린저 가능할까요..?,현재 투력 500이고 다음주 해방인데 챌린저 가능할까요 ?,"['투력', '다음', '주', '해방', '챌린저', '가능']",True,보스,0.95,,
9saj1Kg7S1I,챌린져노리는 메린이입니다 현재 대적자 트라이중인데 제네 무기 잠재 공공올인데 블큐를 다른데 쓸까여?,1,2026-08-08 00:50:00+00:00,챌린져노리는 메린이입니다 현재 대적자 트라이중인데 제네 무기 잠재 공공올인데 블큐를 다른데 쓸까여?,챌린져노리는 메린이입니다 현재 대적자 트라이중인데 제네 무기 잠재 공공올인데 블큐를 다른데 쓸까여?,"['챌린져노리', '메린이', '적자', '트라이', '중', '무기', '잠재', '공공올', '큐', '데', '쓰']",True,장비_아이템,0.95,,
9saj1Kg7S1I,3카5앱시절 메플하다가 거진 7년만에 복귀한 메린입니당.. 그래도 이래저래 공략보고 이지칼로스까지 우여곡절끝에 잡앗는데 대적자부터 벽느껴요 챌린저 가능할까요..  현금을투자해서 장비업그레이드가 답인가요?,1,2026-08-07 23:55:33+00:00,3카5앱시절 메플하다가 거진 7년만에 복귀한 메린입니당.. 그래도 이래저래 공략보고 이지칼로스까지 우여곡절끝에 잡앗는데 대적자부터 벽느껴요 챌린저 가능할까요..  현금을투자해서 장비업그레이드가 답인가요?,3카5앱시절 메플하다가 거진 7년만에 복귀한 메린입니당 그래도 이래저래 공략보고 이지칼로스까지 우여곡절끝에 잡앗는데 대적자부터 벽느껴요 챌린저 가능할까요 현금을투자해서 장비업그레이드가 답인가요?,"['카', '앱', '시절', '메플', '하', '년', '만', '복귀', '메린', '공략', '보', '이지칼로스', '우여곡절', '끝', '잡', '앗', '대적', '벽', '느끼', '챌린저', '가능', '현금', '투자', '장비', '업그레이드', '답']",True,스펙업,0.95,,
9saj1Kg7S1I,"최근 시작한 메린인데 아이템 버닝 업그레이드 할 때 도전의 문장은 메이플 포인트로 구매하는게 좋은가요?

늦게시작해서 그런지 일주일에 500개씩 주는 도전의 문장으로는 너무 업그레이드가 느리고 잘하면 챌섭기간까지 도전의 문장때문에 못 맞출수도 있을거같던데 

이 경우에는 메소와 메이플포인트를 써서 도전의문장 구매를 해줘야되는건가요?",1,2026-08-07 17:50:22+00:00,"최근 시작한 메린인데 아이템 버닝 업그레이드 할 때 도전의 문장은 메이플 포인트로 구매하는게 좋은가요?

늦게시작해서 그런지 일주일에 500개씩 주는 도전의 문장으로는 너무 업그레이드가 느리고 잘하면 챌섭기간까지 도전의 문장때문에 못 맞출수도 있을거같던데 

이 경우에는 메소와 메이플포인트를 써서 도전의문장 구매를 해줘야되는건가요?",최근 시작한 메린인데 아이템 버닝 업그레이드 할 때 도전의 문장은 메이플 포인트로 구매하는게 좋은가요? 늦게시작해서 그런지 일주일에 500개씩 주는 도전의 문장으로는 너무 업그레이드가 느리고 잘하면 챌섭기간까지 도전의 문장때문에 못 맞출수도 있을거같던데 이 경우에는 메소와 메이플포인트를 써서 도전의문장 구매를 해줘야되는건가요?,"['최근', '시작', '메린', '아이템', '버닝', '업그레이드', '하', '때', '도전', '문장', '메이플', '포인트', '구매', '것', '좋', '늦', '시작', '그렇', '일주일', '개', '주', '도전', '문장', '업그레이드', '느리', '하', '챌섭', '기간', '도전', '문장', '때문', '맞추', '수', '있', '거', '같', '경우', '메소', '메이플', '포인트', '쓰', '도전', '문장', '구매', '하', '되', '거']",True,이벤트,0.95,,
9saj1Kg7S1I,하버 또 주나요??,1,2026-08-07 16:52:49+00:00,하버 또 주나요??,하버 또 주나요??,"['하버', '주']",True,이벤트,1.0,,
9saj1Kg7S1I,전투력 4900만인데 이지 윌을 못잡아서 아이템버닝 담단계로 넘어갈수가없어요ㅠ,1,2026-08-07 15:52:19+00:00,전투력 4900만인데 이지 윌을 못잡아서 아이템버닝 담단계로 넘어갈수가없어요ㅠ,전투력 4900만인데 이지 윌을 못잡아서 아이템버닝 담단계로 넘어갈수가없어요ㅠ,"['전투력', '이지', '윌', '잡', '아이템버닝', '담', '단계', '넘어가', '수', '없']",True,보스,0.95,,
j__MUJTquJw,저 궁금한게 11:39초에 보면 저건 스태프 착용 시 합쳐진 % 아닌가요? 그러면 기본을 보고 계산하는게 맞지 않나요?,0,2026-08-07 14:25:32+00:00,저 궁금한게 11:39초에 보면 저건 스태프 착용 시 합쳐진 % 아닌가요? 그러면 기본을 보고 계산하는게 맞지 않나요?,저 궁금한게 11 39초에 보면 저건 스태프 착용 시 합쳐진 아닌가요? 그러면 기본을 보고 계산하는게 맞지 않나요?,"['궁금하', '것', '초', '보', '스태프', '착용', '시', '합치', '기본', '보', '계산', '것', '맞']",True,시스템,0.95,,
9saj1Kg7S1I,"챌섭 투력이 1023만인데 데브랑, 가엔링이랑 블빈마를 40일안에 사서 투력 3500만까지 될수있나요?",3,2026-08-07 13:50:12+00:00,"챌섭 투력이 1023만인데 데브랑, 가엔링이랑 블빈마를 40일안에 사서 투력 3500만까지 될수있나요?",챌섭 투력이 1023만인데 데브랑 가엔링이랑 블빈마를 40일안에 사서 투력 3500만까지 될수있나요?,"['챌섭', '투력', '데브', '가엔링', '비', '마', '일', '안', '사서', '투력', '되', '수', '있']",True,스펙업,0.95,,gemini
9saj1Kg7S1I,오늘 시작한 메린이인데 제네시스패스?? 그거 가능할까요??  잼이님 유튜브 보면서 꾸역꾸역 정보들 습득 중입니다 ㅠㅠ,2,2026-08-07 13:20:32+00:00,오늘 시작한 메린이인데 제네시스패스?? 그거 가능할까요??  잼이님 유튜브 보면서 꾸역꾸역 정보들 습득 중입니다 ㅠㅠ,오늘 시작한 메린이인데 제네시스패스?? 그거 가능할까요?? 잼이님 유튜브 보면서 꾸역꾸역 정보들 습득 중입니다 ㅠㅠ,"['시작', '메린', '제네시스패스', '가능', '잼', '님', '유튜브', '보', '정보', '습득', '중']",True,이벤트,0.95,,
9saj1Kg7S1I,"안녕하세요 지난 7월 부터 다시 시작
한 메린이 입니다 현재 어떻게 해야
할지 몰라서요 물어 봅니다",1,2026-08-07 12:48:06+00:00,"안녕하세요 지난 7월 부터 다시 시작
한 메린이 입니다 현재 어떻게 해야
할지 몰라서요 물어 봅니다",안녕하세요 지난 7월 부터 다시 시작 한 메린이 입니다 현재 어떻게 해야 할지 몰라서요 물어 봅니다,"['안녕', '지나', '월', '시작', '메린', '어떻', '하', '모르', '묻']",True,육성_레벨링,1.0,,
9saj1Kg7S1I,"궁금한거있는데 9월달 벨페보고 신6차 뚫을꺼라서 아직 안뚫엇는데  환산주스텟에서 6차강화가 하필 신6차라서  
그리고 6차강화는 항상 환산주스텟 추천대로 강화를 해야하나여? 아니면 추천대로 안해도 상관없지 않나여? 어차피 6차코어는 다 강화해야하는데 추천대로  효율있게 강화 하라고 나와있어서 그런지....",1,2026-08-07 12:34:06+00:00,"궁금한거있는데 9월달 벨페보고 신6차 뚫을꺼라서 아직 안뚫엇는데  환산주스텟에서 6차강화가 하필 신6차라서  
그리고 6차강화는 항상 환산주스텟 추천대로 강화를 해야하나여? 아니면 추천대로 안해도 상관없지 않나여? 어차피 6차코어는 다 강화해야하는데 추천대로  효율있게 강화 하라고 나와있어서 그런지....",궁금한거있는데 9월달 벨페보고 신6차 뚫을꺼라서 아직 안뚫엇는데 환산주스텟에서 6차강화가 하필 신6차라서 그리고 6차강화는 항상 환산주스텟 추천대로 강화를 해야하나여? 아니면 추천대로 안해도 상관없지 않나여? 어차피 6차코어는 다 강화해야하는데 추천대로 효율있게 강화 하라고 나와있어서 그런지,"['거', '있', '월', '달', '벨페', '보', '차', '뚫', '꺼', '뚫', '환산주스텟', '차', '강화', '차', '차', '강화', '환산주스텟', '추천', '강화', '하', '추천', '하', '상관없', '차', '코어', '강화', '추천', '효율', '있', '강화', '하', '나오', '그렇']",True,스킬_6차,1.0,,
9saj1Kg7S1I,하드메이린 최소컷까지 템셋팅 방법 알려주실 수 있으실까요 😢,2,2026-08-07 12:33:56+00:00,하드메이린 최소컷까지 템셋팅 방법 알려주실 수 있으실까요 😢,하드메이린 최소컷까지 템셋팅 방법 알려주실 수 있으실까요,"['하드메이린', '최소', '컷', '템', '셋팅', '방법', '알리', '수', '있']",True,보스,0.95,,
9saj1Kg7S1I,메린이 1차 해방까지 끝났는데 뭘 해야할지 모르겠어요… 메이린 노말까지 다 잡았는데…..,2,2026-08-07 12:05:45+00:00,메린이 1차 해방까지 끝났는데 뭘 해야할지 모르겠어요… 메이린 노말까지 다 잡았는데…..,메린이 1차 해방까지 끝났는데 뭘 해야할지 모르겠어요 메이린 노말까지 다 잡았는데,"['메린', '차', '해방', '끝나', '하', '모르', '메이', '린', '노', '말', '잡']",True,육성_레벨링,1.0,,
9saj1Kg7S1I,일단 메린이친구한테 바로 링크 공유했습니다!!! 1억은 넘겼는데 그이후도 부탁드려도될까요,2,2026-08-07 12:01:42+00:00,일단 메린이친구한테 바로 링크 공유했습니다!!! 1억은 넘겼는데 그이후도 부탁드려도될까요,일단 메린이친구한테 바로 링크 공유했습니다 1억은 넘겼는데 그이후도 부탁드려도될까요,"['메리', '친구', '링크', '공유', '넘기', '이후', '부탁', '드리', '되']",True,육성_레벨링,1.0,,
GeniNYE0V5M,혹시 윈브인데 연합의 의지퀘는 깬것같은데 스킬이없으면 어캐해야되나요??,1,2026-08-07 08:38:21+00:00,혹시 윈브인데 연합의 의지퀘는 깬것같은데 스킬이없으면 어캐해야되나요??,혹시 윈브인데 연합의 의지퀘는 깬것같은데 스킬이없으면 어캐해야되나요??,"['윈', '브이', '연합', '의지', '퀘', '깨', '것', '같', '스킬', '없', '어캐', '되']",True,시스템,0.95,,
9mbc6ESMMvo,"창섭이형 의도, 기획 다 좋은데 이런 건 잠재 좀 잘 뜨게해주면 안 되나?",0,2026-08-07 05:39:53+00:00,"창섭이형 의도, 기획 다 좋은데 이런 건 잠재 좀 잘 뜨게해주면 안 되나?",창섭이형 의도 기획 다 좋은데 이런 건 잠재 좀 잘 뜨게해주면 안 되나?,"['창섭', '형', '의도', '기획', '좋', '거', '잠재', '뜨', '되']",True,장비_아이템,0.8,,
6bLaTCHm-8A,2:29 여기에 나오는 오른쪽  머리랑 상의는 코디가 뭔가용? 되게 이쁘네요,0,2026-08-07 03:40:52+00:00,2:29 여기에 나오는 오른쪽  머리랑 상의는 코디가 뭔가용? 되게 이쁘네요,2 29 여기에 나오는 오른쪽 머리랑 상의는 코디가 뭔가용? 되게 이쁘네요,"['나오', '오른쪽', '머리', '상의', '코디', '이쁘']",True,기타,0.95,,
9mbc6ESMMvo,이번엔 렌 메m공략 없나요 ㅠ,0,2026-08-07 01:08:46+00:00,이번엔 렌 메m공략 없나요 ㅠ,이번엔 렌 메m공략 없나요 ㅠ,"['이번', '렌', '메', '공략', '없']",True,기타,0.95,,
Jg9xSIh9-ls,"메린인데 알랴쥬새여….
여명셋 악세부위는 어떤 주문서 발라야하나요…??ㅠㅠㅠㅠ",0,2026-08-07 00:47:41+00:00,"메린인데 알랴쥬새여….
여명셋 악세부위는 어떤 주문서 발라야하나요…??ㅠㅠㅠㅠ",메린인데 알랴쥬새여 여명셋 악세부위는 어떤 주문서 발라야하나요 ??ㅠㅠ,"['메린', '알랴쥬새여', '여명셋', '악세', '부위', '주문서', '바르']",True,장비_아이템,1.0,,
j__MUJTquJw,3-5에서 궁수가 드래곤 버스트를 너무 뒤에서 써서 몹이 한 마리가 남게 되는데 어쩌죠? 자꾸 조디악 레이를 1웨이브에 써버리네요,1,2026-08-06 13:29:32+00:00,3-5에서 궁수가 드래곤 버스트를 너무 뒤에서 써서 몹이 한 마리가 남게 되는데 어쩌죠? 자꾸 조디악 레이를 1웨이브에 써버리네요,3 5에서 궁수가 드래곤 버스트를 너무 뒤에서 써서 몹이 한 마리가 남게 되는데 어쩌죠? 자꾸 조디악 레이를 1웨이브에 써버리네요,"['궁수', '드래곤', '버스트', '뒤', '쓰', '몹', '마리', '남', '되', '어쩌', '조디악', '레이', '웨이브', '쓰']",True,사냥,0.95,,
9mbc6ESMMvo,3-1 이후 스테이지에서 전사 두번째극딜이랑 보스랑 타이밍이 맞으면 뒷스테이지 가도 되나요?,0,2026-08-06 11:45:39+00:00,3-1 이후 스테이지에서 전사 두번째극딜이랑 보스랑 타이밍이 맞으면 뒷스테이지 가도 되나요?,3 1 이후 스테이지에서 전사 두번째극딜이랑 보스랑 타이밍이 맞으면 뒷스테이지 가도 되나요?,"['이후', '스테이지', '전사', '두번째극딜', '보스', '타이밍', '맞', '뒷', '스테이지', '가', '되']",True,보스,0.95,,
j__MUJTquJw,10:25 반복사냥세팅,0,2026-08-06 11:13:26+00:00,10:25 반복사냥세팅,10 25 반복사냥세팅,"['반복', '사냥', '세팅']",True,사냥,0.95,,
f3DLA1EU8vw,카오스 2-3 방여구 다빼고 하는 재시작 오프라인일때도 해도 되나요 오프라인이면 템 다끼고 카오스 1-1 해놔야되나요 걍 카오스 2-3 방여구 다빼고 하는 재시작 오프라인도 그렇게 해도 되나요?,0,2026-08-06 10:48:38+00:00,카오스 2-3 방여구 다빼고 하는 재시작 오프라인일때도 해도 되나요 오프라인이면 템 다끼고 카오스 1-1 해놔야되나요 걍 카오스 2-3 방여구 다빼고 하는 재시작 오프라인도 그렇게 해도 되나요?,카오스 2 3 방여구 다빼고 하는 재시작 오프라인일때도 해도 되나요 오프라인이면 템 다끼고 카오스 1 1 해놔야되나요 걍 카오스 2 3 방여구 다빼고 하는 재시작 오프라인도 그렇게 해도 되나요?,"['카오스', '방', '여', '구', '빼', '하', '시작', '오프라인', '때', '하', '되', '오프라인', '템', '끼', '카오스', '되', '카오스', '방', '여', '구', '빼', '하', '시작', '오프라인', '그렇', '하', '되']",True,시스템,0.95,,
9mbc6ESMMvo,지금 레벨 49 49 49 인데 오프라인 기준 경험치는 카 1-1 두면 되나요?,0,2026-08-06 10:45:55+00:00,지금 레벨 49 49 49 인데 오프라인 기준 경험치는 카 1-1 두면 되나요?,지금 레벨 49 49 49 인데 오프라인 기준 경험치는 카 1 1 두면 되나요?,"['레벨', '오프라인', '기준', '경험치', '카', '되']",True,육성_레벨링,0.95,,
j__MUJTquJw,이지랄안해도 방치하면 어차피 다깨지않나요,0,2026-08-06 09:54:02+00:00,이지랄안해도 방치하면 어차피 다깨지않나요,이지랄안해도 방치하면 어차피 다깨지않나요,"['지랄', '하', '방치', '깨']",True,보스,0.95,,
GeniNYE0V5M,선생님 환산보면 헥환옆에 주의(방패모양 느낌표)에 정령의 축복 30렙 아니라고 나오는데 20렙이 끝 아닌가요? 어떻게 더 올리나요?,1,2026-08-06 05:55:55+00:00,선생님 환산보면 헥환옆에 주의(방패모양 느낌표)에 정령의 축복 30렙 아니라고 나오는데 20렙이 끝 아닌가요? 어떻게 더 올리나요?,선생님 환산보면 헥환옆에 주의 방패모양 느낌표 에 정령의 축복 30렙 아니라고 나오는데 20렙이 끝 아닌가요? 어떻게 더 올리나요?,"['선생', '환산', '보', '헥환', '옆', '주', '방패', '모양', '느낌표', '정령', '축복', '30렙', '나오', '20렙', '끝', '어떻', '올리']",True,시스템,1.0,,
f92dfu0biJI,레테 전용인가요?,0,2026-08-06 02:30:50+00:00,레테 전용인가요?,레테 전용인가요?,"['레테', '전']",True,장비_아이템,1.0,,
GeniNYE0V5M,잼이님 이번주 해방인 283렙 5천플마단 제논유저입니다! 보스를 돌다가 럭키 마깃안이 떴는데 팔고 템을 맞추는 게 좋을까요?? 현재 엠블은 에픽 똥블렘입니다!,1,2026-08-05 20:17:13+00:00,잼이님 이번주 해방인 283렙 5천플마단 제논유저입니다! 보스를 돌다가 럭키 마깃안이 떴는데 팔고 템을 맞추는 게 좋을까요?? 현재 엠블은 에픽 똥블렘입니다!,잼이님 이번주 해방인 283렙 5천플마단 제논유저입니다 보스를 돌다가 럭키 마깃안이 떴는데 팔고 템을 맞추는 게 좋을까요?? 현재 엠블은 에픽 똥블렘입니다,"['잼', '이번', '주', '해방', '283렙', '5천플마단', '제논', '유저', '보스', '돌', '럭키', '마', '깃', '안', '뜨', '팔', '템', '맞추', '것', '좋', '엠블', '에픽', '똥블렘']",True,장비_아이템,0.95,,gemini
GeniNYE0V5M,루타 칭호 연모로 잡아도 주나여?,1,2026-08-05 19:52:34+00:00,루타 칭호 연모로 잡아도 주나여?,루타 칭호 연모로 잡아도 주나여?,"['루', '타', '칭호', '연모', '잡']",True,보스,1.0,,
GeniNYE0V5M,챌섭으로 복귀한 유저인데 아무리 찾아봐도 일격필살이라는 이름이 없는데 어떤거죠 ㅠ,2,2026-08-05 17:51:17+00:00,챌섭으로 복귀한 유저인데 아무리 찾아봐도 일격필살이라는 이름이 없는데 어떤거죠 ㅠ,챌섭으로 복귀한 유저인데 아무리 찾아봐도 일격필살이라는 이름이 없는데 어떤거죠 ㅠ,"['챌섭', '복귀', '유저', '찾아보', '일격', '필살', '이름', '없', '데', '어떻', '거']",True,시스템,0.95,,
GeniNYE0V5M,잼이님 보스 장비 프리셋에 장비를 등록해놓으면 사냥 장비프리셋 등록할때 장비가 없어서 동일한 장비를 쓸수가없어요.. 방법이없나요?,2,2026-08-05 13:44:03+00:00,잼이님 보스 장비 프리셋에 장비를 등록해놓으면 사냥 장비프리셋 등록할때 장비가 없어서 동일한 장비를 쓸수가없어요.. 방법이없나요?,잼이님 보스 장비 프리셋에 장비를 등록해놓으면 사냥 장비프리셋 등록할때 장비가 없어서 동일한 장비를 쓸수가없어요 방법이없나요?,"['잼', '님', '보스', '장비', '프리셋', '장비', '등록', '사냥', '장비', '프리', '셋', '등록', '때', '장비', '없', '동일', '장비', '쓰', '수', '없', '방법', '없']",True,시스템,1.0,,
9mbc6ESMMvo,14초부터 나오는 음악 제목 아시는뷴...ㅠㅠ,0,2026-08-05 13:03:52+00:00,14초부터 나오는 음악 제목 아시는뷴...ㅠㅠ,14초부터 나오는 음악 제목 아시는뷴 ㅠㅠ,"['초', '나오', '음악', '제목', '알', '뷰']",True,기타,1.0,,
GeniNYE0V5M,일주일 전에 시작했는데 보스 장신구 세트는 언제까지 끼는게 좋을까요? 바꿔야 한다면 얼마 정도로 어떤 세트로 바꾸는게 나을까요,1,2026-08-05 12:41:26+00:00,일주일 전에 시작했는데 보스 장신구 세트는 언제까지 끼는게 좋을까요? 바꿔야 한다면 얼마 정도로 어떤 세트로 바꾸는게 나을까요,일주일 전에 시작했는데 보스 장신구 세트는 언제까지 끼는게 좋을까요? 바꿔야 한다면 얼마 정도로 어떤 세트로 바꾸는게 나을까요,"['일주일', '전', '시작', '보스', '장신구', '세트', '끼', '것', '좋', '바꾸', '얼마', '정도', '세트', '바꾸', '것', '낫']",True,장비_아이템,0.95,,
GeniNYE0V5M,"영상도 좋지만 
건강도 같이 챙기세여 아프신 건 다 나으셨는지? ^^",1,2026-08-05 12:30:50+00:00,"영상도 좋지만 
건강도 같이 챙기세여 아프신 건 다 나으셨는지? ^^",영상도 좋지만 건강도 같이 챙기세여 아프신 건 다 나으셨는지?,"['영상', '좋', '건강', '챙기', '아프', '거', '낫']",True,기타,0.95,,
GeniNYE0V5M,잼이님 오프닝때 나오는 비구름 라이딩 정보좀요~,1,2026-08-05 12:29:18+00:00,잼이님 오프닝때 나오는 비구름 라이딩 정보좀요~,잼이님 오프닝때 나오는 비구름 라이딩 정보좀요,"['잼', '님', '오프닝', '때', '나오', '비구름', '라이딩', '정보']",True,기타,0.9,,gemini
9mbc6ESMMvo,8단계합성 8번했는데 7번이 스태프가 맞냐.... 확률조작아니누,0,2026-08-05 11:55:35+00:00,8단계합성 8번했는데 7번이 스태프가 맞냐.... 확률조작아니누,8단계합성 8번했는데 7번이 스태프가 맞냐 확률조작아니누,"['단계', '합성', '번', '번', '스태프', '맞', '확률', '조작']",True,시스템,0.9,,
j__MUJTquJw,"이해가 너무 안가는 부분이 있어서 댓글 남깁니다.
3-4 템 파밍할 때 왜 무기만 장착하는 건가요?",0,2026-08-05 11:20:44+00:00,"이해가 너무 안가는 부분이 있어서 댓글 남깁니다.
3-4 템 파밍할 때 왜 무기만 장착하는 건가요?",이해가 너무 안가는 부분이 있어서 댓글 남깁니다 3 4 템 파밍할 때 왜 무기만 장착하는 건가요?,"['이해', '가', '부분', '있', '댓글', '남기', '템', '파밍', '때', '무기', '장착', '거']",True,장비_아이템,1.0,,
9mbc6ESMMvo,카오스 3-3에 뺑뺑이 도는데 아직도 코인 못먹으면 버그 맞죠,0,2026-08-05 10:44:44+00:00,카오스 3-3에 뺑뺑이 도는데 아직도 코인 못먹으면 버그 맞죠,카오스 3 3에 뺑뺑이 도는데 아직도 코인 못먹으면 버그 맞죠,"['카오스', '뺑뺑이', '도', '코인', '먹', '버그', '맞']",True,시스템,0.95,,
9mbc6ESMMvo,궁금한게 울티마 겜끄면 코인안쌓이나요 ?,0,2026-08-05 10:28:03+00:00,궁금한게 울티마 겜끄면 코인안쌓이나요 ?,궁금한게 울티마 겜끄면 코인안쌓이나요 ?,"['궁금하', '것', '울티마', '것', '끄', '코인', '쌓이']",True,시스템,1.0,,
9mbc6ESMMvo,아니 도대체 어떻게 벌써 카오스 가는겨,0,2026-08-05 08:54:17+00:00,아니 도대체 어떻게 벌써 카오스 가는겨,아니 도대체 어떻게 벌써 카오스 가는겨,"['어떻', '카오스', '가']",True,육성_레벨링,0.95,,
FMUmSNtWlEU,메이플은 이제 사냥이란게 없어졌나요?,2,2026-08-05 08:09:48+00:00,메이플은 이제 사냥이란게 없어졌나요?,메이플은 이제 사냥이란게 없어졌나요?,"['메이플', '사냥', '것', '없']",True,사냥,1.0,,
9mbc6ESMMvo,3:40 스킬,8,2026-08-05 08:06:53+00:00,3:40 스킬,3 40 스킬,['스킬'],True,스킬_6차,0.8,,
9mbc6ESMMvo,제네시스는 안 나오고 에테르넬만 계속 중복인데 확률이라 어쩔 수 없는 거겠죠..?,0,2026-08-05 07:56:57+00:00,제네시스는 안 나오고 에테르넬만 계속 중복인데 확률이라 어쩔 수 없는 거겠죠..?,제네시스는 안 나오고 에테르넬만 계속 중복인데 확률이라 어쩔 수 없는 거겠죠 ?,"['제네시스', '나오', '에테르넬', '중복', '확률', '어쩌', '수', '없', '거']",True,장비_아이템,0.95,,
9mbc6ESMMvo,"맑음님 안녕하세요 지금 45레벨에 3-4까지 깬 상태인데 50레벨찍고 편하게 나머지 밀려고합니다 레벨링 어느지역에서 어떻게 하는게 좋을까요??
찾아보니 3-4에서 무기만끼고 극딜끼고 자살런 하라던데 이건 템파밍빌드같아서요..
저는 어차피 렙올리고갈거니까 템파밍은 필요없고 경험치 고효율뺑뺑이로 가고싶은데 어느맵에서 어떤스킬끼고 돌리는게 좋을까요??",0,2026-08-05 07:53:14+00:00,"맑음님 안녕하세요 지금 45레벨에 3-4까지 깬 상태인데 50레벨찍고 편하게 나머지 밀려고합니다 레벨링 어느지역에서 어떻게 하는게 좋을까요??
찾아보니 3-4에서 무기만끼고 극딜끼고 자살런 하라던데 이건 템파밍빌드같아서요..
저는 어차피 렙올리고갈거니까 템파밍은 필요없고 경험치 고효율뺑뺑이로 가고싶은데 어느맵에서 어떤스킬끼고 돌리는게 좋을까요??",맑음님 안녕하세요 지금 45레벨에 3 4까지 깬 상태인데 50레벨찍고 편하게 나머지 밀려고합니다 레벨링 어느지역에서 어떻게 하는게 좋을까요?? 찾아보니 3 4에서 무기만끼고 극딜끼고 자살런 하라던데 이건 템파밍빌드같아서요 저는 어차피 렙올리고갈거니까 템파밍은 필요없고 경험치 고효율뺑뺑이로 가고싶은데 어느맵에서 어떤스킬끼고 돌리는게 좋을까요??,"['맑음', '안녕', '레벨', '깨', '상태', '레벨', '찍', '편하', '나머지', '밀', '레벨링', '지역', '어떻', '하', '것', '좋', '찾아보', '무기', '끼', '극딜', '끼', '자살런', '하', '하', '템파밍빌드', '같', '렙', '올리', '가', '거', '템파밍', '필요', '없', '경험', '효율', '뺑뺑이', '가', '맵', '스킬', '끼', '돌리', '것', '좋']",True,육성_레벨링,1.0,,
9mbc6ESMMvo,2:09 풀템 빵빵이요? ㅋㅋㅋㅋㅋ,15,2026-08-05 07:35:04+00:00,2:09 풀템 빵빵이요? ㅋㅋㅋㅋㅋ,2 09 풀템 빵빵이요? ㅋㅋ,['풀템'],True,장비_아이템,0.8,,gemini
9mbc6ESMMvo,카오스에서 경험치는 어디서 먹여야할까요?,0,2026-08-05 06:29:40+00:00,카오스에서 경험치는 어디서 먹여야할까요?,카오스에서 경험치는 어디서 먹여야할까요?,"['카오스', '경험치', '먹이']",True,육성_레벨링,0.95,,
9mbc6ESMMvo,허어 내가 51인데 하필 51 빌드가 없노,0,2026-08-05 06:09:57+00:00,허어 내가 51인데 하필 51 빌드가 없노,허어 내가 51인데 하필 51 빌드가 없노,"['빌', '드', '없']",True,사냥,0.8,,
9mbc6ESMMvo,메m공략 가지고와줘 제바루,0,2026-08-05 05:50:39+00:00,메m공략 가지고와줘 제바루,메m공략 가지고와줘 제바루,"['메', '공략', '가지', '오', '제바루']",True,기타,0.95,,
9mbc6ESMMvo,스테이지 클탐 싸움 할 때는 쿨감 공속  필요없나보네,0,2026-08-05 05:42:21+00:00,스테이지 클탐 싸움 할 때는 쿨감 공속  필요없나보네,스테이지 클탐 싸움 할 때는 쿨감 공속 필요없나보네,"['스테이지', '크', '탐', '싸움', '하', '때', '쿨', '감', '공', '속', '필요', '없']",True,스펙업,0.9,,
9mbc6ESMMvo,그냥 카오스코인 사서 경험치 바꾸고 방치시켜놨음 나중에 코인샵 개편해주려나,0,2026-08-05 05:33:26+00:00,그냥 카오스코인 사서 경험치 바꾸고 방치시켜놨음 나중에 코인샵 개편해주려나,그냥 카오스코인 사서 경험치 바꾸고 방치시켜놨음 나중에 코인샵 개편해주려나,"['카오스코인', '사', '경험치', '바꾸', '방치', '나중', '코인', '샵', '개편']",True,이벤트,0.9,,
9mbc6ESMMvo,레벨 개높네 ㄷㄷ .. 43 44렙은 어디가야하지,0,2026-08-05 05:20:47+00:00,레벨 개높네 ㄷㄷ .. 43 44렙은 어디가야하지,레벨 개높네 ㄷㄷ 43 44렙은 어디가야하지,"['레벨', '개', '높', '렙', '가']",True,육성_레벨링,1.0,,
9mbc6ESMMvo,"지금 3지역에서 마지막단계 앞두고 있습니다.
전사 39 궁수39 법사 36인가? 하는데  장비는  전사 5상 4상정도 있고 궁수도  법사도 거의 비슷한데
3지역 마지막 단계  보스머리위에 무슨 타이머같은게  있더라구여  좀 힘들긴한데  차라리 40찍고 가면되나여 ?",1,2026-08-05 05:19:18+00:00,"지금 3지역에서 마지막단계 앞두고 있습니다.
전사 39 궁수39 법사 36인가? 하는데  장비는  전사 5상 4상정도 있고 궁수도  법사도 거의 비슷한데
3지역 마지막 단계  보스머리위에 무슨 타이머같은게  있더라구여  좀 힘들긴한데  차라리 40찍고 가면되나여 ?",지금 3지역에서 마지막단계 앞두고 있습니다 전사 39 궁수39 법사 36인가? 하는데 장비는 전사 5상 4상정도 있고 궁수도 법사도 거의 비슷한데 3지역 마지막 단계 보스머리위에 무슨 타이머같은게 있더라구여 좀 힘들긴한데 차라리 40찍고 가면되나여 ?,"['지역', '마지막', '단계', '앞두', '전사', '궁수', '법사', '하', '장비', '전사', '5상', '상정', '있', '궁', '수도', '법사', '지역', '마지막', '단계', '보스', '머리', '위', '타이머', '같', '것', '있', '힘들', '찍', '가', '되']",True,육성_레벨링,0.95,,
f92dfu0biJI,264렙인데 해변 암석 3에서 쭉~ 사냥하나요? 아르크스 265 찍어야 넘어갈수있다는데...?,0,2026-08-05 04:25:29+00:00,264렙인데 해변 암석 3에서 쭉~ 사냥하나요? 아르크스 265 찍어야 넘어갈수있다는데...?,264렙인데 해변 암석 3에서 쭉 사냥하나요? 아르크스 265 찍어야 넘어갈수있다는데 ?,"['렙', '해변', '암석', '사냥', '아르크스', '찍', '넘어가', '수', '있']",True,사냥,0.95,,
bvjkNF-9wGA,이제 레테까지 5황 아닌가여 ㄷㄷ,0,2026-08-05 01:20:54+00:00,이제 레테까지 5황 아닌가여 ㄷㄷ,이제 레테까지 5황 아닌가여 ㄷㄷ,"['레테', '황']",True,직업_캐릭터,0.95,,
j__MUJTquJw,3-9때 전사가 영상처럼안죽는데 어떻게하나요?,0,2026-08-04 22:32:10+00:00,3-9때 전사가 영상처럼안죽는데 어떻게하나요?,3 9때 전사가 영상처럼안죽는데 어떻게하나요?,"['때', '전사', '영상', '죽', '어떻', '하']",True,보스,0.95,,
f3DLA1EU8vw,"카오스 1-1이 2분4초 나오고 1-2가 3분35초나와서 멘탈큐어로 효율계산해보니까 1-2가 더 경험치 효율이 좋다고 나오는
빠르게 클리어하는 쪽이 괜찮을까요 효율쪽이 괜찮을까요?",0,2026-08-04 17:26:07+00:00,"카오스 1-1이 2분4초 나오고 1-2가 3분35초나와서 멘탈큐어로 효율계산해보니까 1-2가 더 경험치 효율이 좋다고 나오는
빠르게 클리어하는 쪽이 괜찮을까요 효율쪽이 괜찮을까요?",카오스 1 1이 2분4초 나오고 1 2가 3분35초나와서 멘탈큐어로 효율계산해보니까 1 2가 더 경험치 효율이 좋다고 나오는 빠르게 클리어하는 쪽이 괜찮을까요 효율쪽이 괜찮을까요?,"['카오스', '분', '초', '나오', '가', '분', '초', '나오', '멘탈', '큐', '어', '효율', '계산', '경험', '효율', '좋', '나오', '빠르', '클리어', '쪽', '괜찮', '효율', '쪽', '괜찮']",True,사냥,0.95,,
rEMZwLbgmcw,제로는어떻게되나요...?ㅠㅠ,1,2026-08-04 16:05:08+00:00,제로는어떻게되나요...?ㅠㅠ,제로는어떻게되나요 ?ㅠㅠ,"['어떻', '되']",True,직업_캐릭터,1.0,,
FMUmSNtWlEU,방금 시작했는데 슈피겔만이 없어졌는데 이런 경우에는 어떡해야하나요?,3,2026-08-04 15:48:09+00:00,방금 시작했는데 슈피겔만이 없어졌는데 이런 경우에는 어떡해야하나요?,방금 시작했는데 슈피겔만이 없어졌는데 이런 경우에는 어떡해야하나요?,"['시작', '슈피겔만', '없', '경우', '어떡하']",True,육성_레벨링,1.0,,
j__MUJTquJw,"6:01 길뚫 세팅 
10:20 반복 사냥 세티ㅇ",0,2026-08-04 10:55:45+00:00,"6:01 길뚫 세팅 
10:20 반복 사냥 세티ㅇ",6 01 길뚫 세팅 10 20 반복 사냥 세티ㅇ,"['길', '뚫', '세팅', '반복', '사냥', '세', '티']",True,사냥,0.9,,
j__MUJTquJw,맑음형님 메m공략만들어주세여ㅠ,0,2026-08-04 08:45:45+00:00,맑음형님 메m공략만들어주세여ㅠ,맑음형님 메m공략만들어주세여ㅠ,"['맑음', '형', '메', '공략', '들']",True,기타,0.95,,
Q-b20FJZ0jQ,던파유저인데 지근 찍먹할려하는데 지금시작해도 괜찮나용 못하는건지 궁금하네용,0,2026-08-04 08:35:12+00:00,던파유저인데 지근 찍먹할려하는데 지금시작해도 괜찮나용 못하는건지 궁금하네용,던파유저인데 지근 찍먹할려하는데 지금시작해도 괜찮나용 못하는건지 궁금하네용,"['던', '파', '유저', '근', '먹', '시작', '괜찮', '용', '하', '거', '궁금하']",True,육성_레벨링,1.0,,
j__MUJTquJw,"3-9는 빌드 따라하면 절대 안되네요 궁수 60퍼에서 안누워지고 전사 43퍼쯤에서 누우면 같이 누워버리고 템차이인지 75퍼에서 자연부활하는동안 뒷라인이 안버텨집니다
30분넘게 해보고있는데 3-9공략 7번~12번 저부분이 저대로 절대 안됩니다 빌드가 맑음님 템 상태로만 되는건지 해머 회복 운빨에 따라 다른건지 30퍼에서 한번 누우면 절대로 60퍼까지 안가고 3번째 부활이 50퍼대에서 나옵니다",0,2026-08-04 05:26:47+00:00,"3-9는 빌드 따라하면 절대 안되네요 궁수 60퍼에서 안누워지고 전사 43퍼쯤에서 누우면 같이 누워버리고 템차이인지 75퍼에서 자연부활하는동안 뒷라인이 안버텨집니다
30분넘게 해보고있는데 3-9공략 7번~12번 저부분이 저대로 절대 안됩니다 빌드가 맑음님 템 상태로만 되는건지 해머 회복 운빨에 따라 다른건지 30퍼에서 한번 누우면 절대로 60퍼까지 안가고 3번째 부활이 50퍼대에서 나옵니다",3 9는 빌드 따라하면 절대 안되네요 궁수 60퍼에서 안누워지고 전사 43퍼쯤에서 누우면 같이 누워버리고 템차이인지 75퍼에서 자연부활하는동안 뒷라인이 안버텨집니다 30분넘게 해보고있는데 3 9공략 7번 12번 저부분이 저대로 절대 안됩니다 빌드가 맑음님 템 상태로만 되는건지 해머 회복 운빨에 따라 다른건지 30퍼에서 한번 누우면 절대로 60퍼까지 안가고 3번째 부활이 50퍼대에서 나옵니다,"['빌', '드', '따르', '하', '되', '궁수', '퍼', '눕', '전사', '퍼', '눕', '눕', '템차이', '퍼', '자연', '부활', '동안', '뒷', '라인', '버티', '분', '넘', '해보', '공략', '번', '번', '부분', '되', '빌', '드', '맑음', '템', '상태', '되', '거', '해머', '회복', '운빨', '따르', '다르', '거', '퍼', '번', '눕', '퍼', '가', '번', '부활', '퍼', '대', '나오']",True,보스,0.95,,
j__MUJTquJw,메이플 렌m 공략 언제나오죠,0,2026-08-04 04:33:19+00:00,메이플 렌m 공략 언제나오죠,메이플 렌m 공략 언제나오죠,"['메이플', '렌', '공략', '나오']",True,기타,1.0,,
f3DLA1EU8vw,항상 잘 보고 있습니다!! 4:35 요기 bgm 무엇인지 알수있나요??,0,2026-08-04 04:12:53+00:00,항상 잘 보고 있습니다!! 4:35 요기 bgm 무엇인지 알수있나요??,항상 잘 보고 있습니다 4 35 요기 bgm 무엇인지 알수있나요??,"['보', '알', '수', '있']",True,기타,1.0,,
j__MUJTquJw,"환산울티마 들어가서 보면 궁수,법사 잠재 쿨감2초가 효율1등이라고 나와있는데 공격력%가 더 좋은 옵션인가요?",0,2026-08-04 02:19:37+00:00,"환산울티마 들어가서 보면 궁수,법사 잠재 쿨감2초가 효율1등이라고 나와있는데 공격력%가 더 좋은 옵션인가요?",환산울티마 들어가서 보면 궁수 법사 잠재 쿨감2초가 효율1등이라고 나와있는데 공격력 가 더 좋은 옵션인가요?,"['환산울티마', '들어가', '보', '궁수', '법사', '잠재', '쿨', '초', '효율', '등', '나오', '공격력', '가', '좋', '옵션']",True,스펙업,1.0,,
rEMZwLbgmcw,템셋팅할려면 메소가 많이 들거같은데 최소 얼마나 드는지 알려줄수있나요?,1,2026-08-04 00:01:12+00:00,템셋팅할려면 메소가 많이 들거같은데 최소 얼마나 드는지 알려줄수있나요?,템셋팅할려면 메소가 많이 들거같은데 최소 얼마나 드는지 알려줄수있나요?,"['템', '셋팅', '메소', '들', '거', '같', '최소', '알리', '수', '있']",True,장비_아이템,0.95,,gemini
j__MUJTquJw,"3-10까지 뚫었는데 어디다가 방치하는게 코인 제일 잘캘라나.. 아직도 고민되긴함... 풀템 방치냐 무기 방치냐... 근데 무기만 장착하고 3-4 ,3-7에서 하는게 뭔가 더 잘 먹는 느낌이 들기도 하고... 잘 모르겠네...",0,2026-08-03 17:06:11+00:00,"3-10까지 뚫었는데 어디다가 방치하는게 코인 제일 잘캘라나.. 아직도 고민되긴함... 풀템 방치냐 무기 방치냐... 근데 무기만 장착하고 3-4 ,3-7에서 하는게 뭔가 더 잘 먹는 느낌이 들기도 하고... 잘 모르겠네...",3 10까지 뚫었는데 어디다가 방치하는게 코인 제일 잘캘라나 아직도 고민되긴함 풀템 방치냐 무기 방치냐 근데 무기만 장착하고 3 4 3 7에서 하는게 뭔가 더 잘 먹는 느낌이 들기도 하고 잘 모르겠네,"['뚫', '방치', '것', '코인', '캐', '고민', '풀템', '방치', '무기', '방치', '무기', '장착', '하', '것', '먹', '느낌', '들', '모르']",True,사냥,0.95,,
j__MUJTquJw,"조디악이 2웨이브에 안써지는데 어쩌나요;;
드래곤 버스트를 근접몹한테 써버리니까 뒷몹이 안잡혀서 조디악이 1웨이브에 나가네요",0,2026-08-03 17:02:32+00:00,"조디악이 2웨이브에 안써지는데 어쩌나요;;
드래곤 버스트를 근접몹한테 써버리니까 뒷몹이 안잡혀서 조디악이 1웨이브에 나가네요",조디악이 2웨이브에 안써지는데 어쩌나요 드래곤 버스트를 근접몹한테 써버리니까 뒷몹이 안잡혀서 조디악이 1웨이브에 나가네요,"['조디악', '웨이브', '쓰', '어쩌', '드래곤', '버스트', '근접', '몹', '쓰', '뒷', '몹', '잡히', '조디악', '웨이브', '나가']",True,시스템,0.95,,
5C5DU2FiHZk,닼나추천에서 웃고가면 되나요,0,2026-08-03 15:32:12+00:00,닼나추천에서 웃고가면 되나요,닼나추천에서 웃고가면 되나요,"['닼나', '추천', '웃', '가', '되']",True,직업_캐릭터,0.9,,
j__MUJTquJw,"맑음님 그..3-3하는데 시작 순서 
전사 디바 오라 베인
 궁수 드버 볼텍 차지 
법사 프레이 체인 힐 

맞나요? 1웨이브에 자꾸 궁수,전사 극딜기가 동시에 나가는데😢",1,2026-08-03 15:28:17+00:00,"맑음님 그..3-3하는데 시작 순서 
전사 디바 오라 베인
 궁수 드버 볼텍 차지 
법사 프레이 체인 힐 

맞나요? 1웨이브에 자꾸 궁수,전사 극딜기가 동시에 나가는데😢",맑음님 그 3 3하는데 시작 순서 전사 디바 오라 베인 궁수 드버 볼텍 차지 법사 프레이 체인 힐 맞나요? 1웨이브에 자꾸 궁수 전사 극딜기가 동시에 나가는데,"['맑음', '데', '시작', '순서', '전사', '디바', '오라', '베이', '궁수', '드버', '볼텍', '차지', '법사', '프레이', '체인', '힐', '맞', '웨이브', '궁수', '전사', '극딜기', '동시', '나가']",True,스킬_6차,0.95,,
j__MUJTquJw,3-5 왜 1웨이브 쫄하나가 안죽죠,0,2026-08-03 14:03:08+00:00,3-5 왜 1웨이브 쫄하나가 안죽죠,3 5 왜 1웨이브 쫄하나가 안죽죠,"['웨이브', '쫄하나', '죽']",True,보스,0.95,,
f3DLA1EU8vw,7렙은 왜 합성으로 만들면 안됨?,2,2026-08-03 13:52:37+00:00,7렙은 왜 합성으로 만들면 안됨?,7렙은 왜 합성으로 만들면 안됨?,"['7렙', '합성', '만들', '되']",True,장비_아이템,0.95,,
f3DLA1EU8vw,이거 1카오스코인은 카오스스테이지 몇부터드랍되나요?? 출근할때 켜놓고 1-3 퇴근하고와서 보니 코인하나도없어요ㅠ,0,2026-08-03 13:07:10+00:00,이거 1카오스코인은 카오스스테이지 몇부터드랍되나요?? 출근할때 켜놓고 1-3 퇴근하고와서 보니 코인하나도없어요ㅠ,이거 1카오스코인은 카오스스테이지 몇부터드랍되나요?? 출근할때 켜놓고 1 3 퇴근하고와서 보니 코인하나도없어요ㅠ,"['카오스', '코인', '카오스', '스테이지', '몇부터드랍', '되', '출근', '때', '켜', '퇴근', '오', '보', '코인', '없']",True,이벤트,1.0,,
j__MUJTquJw,9렙 장비있나요?,0,2026-08-03 12:50:02+00:00,9렙 장비있나요?,9렙 장비있나요?,"['9렙', '장비', '있']",True,장비_아이템,1.0,,
j__MUJTquJw,코인 캐는 팁좀 주실분 ..😊,0,2026-08-03 10:27:14+00:00,코인 캐는 팁좀 주실분 ..😊,코인 캐는 팁좀 주실분,"['코인', '캐', '팁', '주', '분']",True,이벤트,1.0,,
WD11kJwi7qk,혹시 실수로 하이퍼 보상 받은 계정 챌섭에서 안해서 삭제 하고 챌섭에서 시작하는데 아케인 심볼이나 문제가 많은데 어케 해야하나요 ㅜㅜ 제 명의ㅜ다른 아이디 가도 하이퍼 보상 안주지 않나요?? 어짜피 260은 이미 넘긴상태라 어센틱에서 사냥 한다고 해도 보스 잡을려면 아케인포스가 필요해서 ㅜㅜ 메린이인데 어케해야할까요..?,1,2026-08-03 09:54:59+00:00,혹시 실수로 하이퍼 보상 받은 계정 챌섭에서 안해서 삭제 하고 챌섭에서 시작하는데 아케인 심볼이나 문제가 많은데 어케 해야하나요 ㅜㅜ 제 명의ㅜ다른 아이디 가도 하이퍼 보상 안주지 않나요?? 어짜피 260은 이미 넘긴상태라 어센틱에서 사냥 한다고 해도 보스 잡을려면 아케인포스가 필요해서 ㅜㅜ 메린이인데 어케해야할까요..?,혹시 실수로 하이퍼 보상 받은 계정 챌섭에서 안해서 삭제 하고 챌섭에서 시작하는데 아케인 심볼이나 문제가 많은데 어케 해야하나요 ㅜㅜ 제 명의ㅜ다른 아이디 가도 하이퍼 보상 안주지 않나요?? 어짜피 260은 이미 넘긴상태라 어센틱에서 사냥 한다고 해도 보스 잡을려면 아케인포스가 필요해서 ㅜㅜ 메린이인데 어케해야할까요 ?,"['실수', '하이퍼', '보상', '받', '계정', '챌섭', '하', '삭제', '하', '챌섭', '시작', '아케인', '심볼', '문제', '많', '하', '명의', '아이디', '하이퍼', '보상', '주', '넘기', '상태', '어센틱', '사냥', '하', '하', '보스', '잡', '아케인포스', '필요', '메리', '하']",True,육성_레벨링,1.0,,gemini
rEMZwLbgmcw,지금이라도 제네시스 패스 사면 해방 할만한가요?,1,2026-08-03 08:31:37+00:00,지금이라도 제네시스 패스 사면 해방 할만한가요?,지금이라도 제네시스 패스 사면 해방 할만한가요?,"['지금', '제네시스', '패스', '사', '해방', '만']",True,보스,0.95,,
j__MUJTquJw,3-4는 그럼 보스 안잡고 계속 죽는 빌드인건가요 ?,0,2026-08-03 08:15:44+00:00,3-4는 그럼 보스 안잡고 계속 죽는 빌드인건가요 ?,3 4는 그럼 보스 안잡고 계속 죽는 빌드인건가요 ?,"['보스', '잡', '죽', '빌드', '거']",True,보스,0.95,,
f3DLA1EU8vw,14:50 브금 아시는분?,0,2026-08-03 07:51:46+00:00,14:50 브금 아시는분?,14 50 브금 아시는분?,"['브금', '분']",True,기타,1.0,,
j__MUJTquJw,카오스 코인 캐는거 방치는 어디서 하고계신가요 다들???,0,2026-08-03 06:40:01+00:00,카오스 코인 캐는거 방치는 어디서 하고계신가요 다들???,카오스 코인 캐는거 방치는 어디서 하고계신가요 다들??,"['카오스', '코인', '캐', '거', '방치', '하']",True,사냥,0.95,,
j__MUJTquJw,사냥시 무기 제외 방어구를 전부 빼주는 이유가 있나요?,0,2026-08-03 06:17:07+00:00,사냥시 무기 제외 방어구를 전부 빼주는 이유가 있나요?,사냥시 무기 제외 방어구를 전부 빼주는 이유가 있나요?,"['사냥', '시', '무기', '제외', '방어', '구', '빼', '이유', '있']",True,사냥,1.0,,
j__MUJTquJw,카오스코인은 어디가 제일 효율 좋아요?,0,2026-08-03 04:13:49+00:00,카오스코인은 어디가 제일 효율 좋아요?,카오스코인은 어디가 제일 효율 좋아요?,"['카오스', '코인', '효율', '좋']",True,기타,0.95,,
f3DLA1EU8vw,"스킬 장착 순서를 강조하시는데 
이유가 있나요? 순전한 궁금함잊니다",0,2026-08-03 04:08:24+00:00,"스킬 장착 순서를 강조하시는데 
이유가 있나요? 순전한 궁금함잊니다",스킬 장착 순서를 강조하시는데 이유가 있나요? 순전한 궁금함잊니다,"['스킬', '장착', '순서', '강조', '이유', '있', '잊']",True,스킬_6차,1.0,,
j__MUJTquJw,경험치작은 어디가 젤빨라요? 장비말고,0,2026-08-03 03:04:08+00:00,경험치작은 어디가 젤빨라요? 장비말고,경험치작은 어디가 젤빨라요? 장비말고,"['경험치', '작', '빠르', '장비', '말']",True,사냥,1.0,,
j__MUJTquJw,코인파밍 어디에 주차시키면 되는지 알려줘요 ㅠ.ㅠ,0,2026-08-03 02:16:43+00:00,코인파밍 어디에 주차시키면 되는지 알려줘요 ㅠ.ㅠ,코인파밍 어디에 주차시키면 되는지 알려줘요 ㅠ ㅠ,"['코인파밍', '주차', '시키', '되', '알리']",True,이벤트,0.95,,
j__MUJTquJw,이거 언제까지임? 나 아직도 3-5인가 그런대,0,2026-08-03 01:22:01+00:00,이거 언제까지임? 나 아직도 3-5인가 그런대,이거 언제까지임? 나 아직도 3 5인가 그런대,['그러'],True,이벤트,0.95,,
j__MUJTquJw,3-9는 컨으로 38 38 34 깼는데 3-10은 아예 체력이 안 다네. 다시보니 레벨40때 강한 공격력 스킬이 새로 생기긴하네,0,2026-08-02 23:17:45+00:00,3-9는 컨으로 38 38 34 깼는데 3-10은 아예 체력이 안 다네. 다시보니 레벨40때 강한 공격력 스킬이 새로 생기긴하네,3 9는 컨으로 38 38 34 깼는데 3 10은 아예 체력이 안 다네 다시보니 레벨40때 강한 공격력 스킬이 새로 생기긴하네,"['컨', '깨', '체력', '달', '보', '레벨', '때', '강하', '공격력', '스킬', '생기']",True,보스,0.95,,
j__MUJTquJw,여러분들 혹시 이제 메이플 할려는 뉴비는 아니고 280까지 키워본 사람인데 적당히 다이아 까지 받고 할려고 하는데 지금 시작해도 해방가능할까요? 최대 보스 잡아본게 하드루시드 입니다 노말진힐라도 가능해요 해방패스랑 챌섭패스 지를거에요 280레벨까지 레벨업도 할겁니다 ㅠㅠ,0,2026-08-02 22:16:56+00:00,여러분들 혹시 이제 메이플 할려는 뉴비는 아니고 280까지 키워본 사람인데 적당히 다이아 까지 받고 할려고 하는데 지금 시작해도 해방가능할까요? 최대 보스 잡아본게 하드루시드 입니다 노말진힐라도 가능해요 해방패스랑 챌섭패스 지를거에요 280레벨까지 레벨업도 할겁니다 ㅠㅠ,여러분들 혹시 이제 메이플 할려는 뉴비는 아니고 280까지 키워본 사람인데 적당히 다이아 까지 받고 할려고 하는데 지금 시작해도 해방가능할까요? 최대 보스 잡아본게 하드루시드 입니다 노말진힐라도 가능해요 해방패스랑 챌섭패스 지를거에요 280레벨까지 레벨업도 할겁니다 ㅠㅠ,"['메이플', '하', '뉴비', '키우', '사람', '다이아', '받', '하', '시작', '해방', '가능', '최대', '보스', '잡', '것', '하드루시드', '노말진힐라', '가능', '해방', '패스', '챌섭패스', '지르', '거', '레벨', '레벨', '업', '하', '거']",True,육성_레벨링,0.95,,
j__MUJTquJw,2-3이 카오스 2-3이겠죠 사냥?,0,2026-08-02 20:15:05+00:00,2-3이 카오스 2-3이겠죠 사냥?,2 3이 카오스 2 3이겠죠 사냥?,"['카오스', '사냥']",True,보스,0.95,,
j__MUJTquJw,첫번쨰 웨이브에 전사가 데몬베인 써버리는데 어케해야하나요?,0,2026-08-02 18:37:08+00:00,첫번쨰 웨이브에 전사가 데몬베인 써버리는데 어케해야하나요?,첫번쨰 웨이브에 전사가 데몬베인 써버리는데 어케해야하나요?,"['첫번쨰', '웨이브', '전사', '데몬베인', '쓰', '하']",True,보스,0.95,,
j__MUJTquJw,3-4에서 8티어 템파밍당하면 48렙전까지 1-1도는게 좋나요? 경험치만보고,0,2026-08-02 17:35:07+00:00,3-4에서 8티어 템파밍당하면 48렙전까지 1-1도는게 좋나요? 경험치만보고,3 4에서 8티어 템파밍당하면 48렙전까지 1 1도는게 좋나요? 경험치만보고,"['티', '어', '템파밍당', '하', '렙', '전', '도', '것', '좋', '경험치', '보']",True,육성_레벨링,1.0,,
j__MUJTquJw,43렙인데 3-3에서 드래곤버스트랑 데몬베인이 1웨이브에서 같이 나가는데 뭐가 문제인거죠? 스킬세팅똑같이했는데요ㅠㅠ,0,2026-08-02 16:34:06+00:00,43렙인데 3-3에서 드래곤버스트랑 데몬베인이 1웨이브에서 같이 나가는데 뭐가 문제인거죠? 스킬세팅똑같이했는데요ㅠㅠ,43렙인데 3 3에서 드래곤버스트랑 데몬베인이 1웨이브에서 같이 나가는데 뭐가 문제인거죠? 스킬세팅똑같이했는데요ㅠㅠ,"['렙', '드래곤버스트랑', '데몬베인', '웨이브', '나가', '문제', '거', '스킬', '세팅', '하']",True,시스템,1.0,,
j__MUJTquJw,혹시 메이플스토리m 이번 렌 공략 영상은 따로 없을까요...? 처음하는데 진짜 컴메이플이랑 너무 달라서 괴리감 오고 뭐가뭔지 모르겠어요 ㅜㅜ..,0,2026-08-02 16:23:05+00:00,혹시 메이플스토리m 이번 렌 공략 영상은 따로 없을까요...? 처음하는데 진짜 컴메이플이랑 너무 달라서 괴리감 오고 뭐가뭔지 모르겠어요 ㅜㅜ..,혹시 메이플스토리m 이번 렌 공략 영상은 따로 없을까요 ? 처음하는데 진짜 컴메이플이랑 너무 달라서 괴리감 오고 뭐가뭔지 모르겠어요 ㅜㅜ,"['메이플스토리', '이번', '렌', '공략', '영상', '없', '처음', '하', '컴메이플', '다르', '괴리감', '오', '모르']",True,기타,0.95,,gemini
j__MUJTquJw,23분30초부터 나오는 브금 정보를 알수있을까요?,1,2026-08-02 15:32:25+00:00,23분30초부터 나오는 브금 정보를 알수있을까요?,23분30초부터 나오는 브금 정보를 알수있을까요?,"['분', '초', '나오', '브금', '정보', '알', '수', '있']",True,기타,1.0,,
j__MUJTquJw,선생님들 아직 전사렙 42인데 카오스는 2-3까지 깼습니다 카오스 1-1에서 계속 뺑뺑이하면 되나요?ㅠ,0,2026-08-02 15:24:58+00:00,선생님들 아직 전사렙 42인데 카오스는 2-3까지 깼습니다 카오스 1-1에서 계속 뺑뺑이하면 되나요?ㅠ,선생님들 아직 전사렙 42인데 카오스는 2 3까지 깼습니다 카오스 1 1에서 계속 뺑뺑이하면 되나요?ㅠ,"['선생', '전사렙', '카오스', '깨', '카오스', '뺑뺑이', '하', '되']",True,육성_레벨링,1.0,,
j__MUJTquJw,카오스 코인은 어디서 파밍하는게 효율 좋나요?,0,2026-08-02 14:57:35+00:00,카오스 코인은 어디서 파밍하는게 효율 좋나요?,카오스 코인은 어디서 파밍하는게 효율 좋나요?,"['카오스', '코인', '파밍', '것', '효율', '좋']",True,보스,1.0,,
j__MUJTquJw,6:58 카오스 3-3에서 하니까 1웨이브에 드버랑 데몬베인 무조건 같이쓰는데 뭐죠 이건,1,2026-08-02 14:39:19+00:00,6:58 카오스 3-3에서 하니까 1웨이브에 드버랑 데몬베인 무조건 같이쓰는데 뭐죠 이건,6 58 카오스 3 3에서 하니까 1웨이브에 드버랑 데몬베인 무조건 같이쓰는데 뭐죠 이건,"['카오스', '하', '웨이브', '드버', '데몬베', '쓰', '데']",True,보스,0.95,,
j__MUJTquJw,컴을 계속켜놔서 코인이 2000개가넘는건가요?,0,2026-08-02 14:01:31+00:00,컴을 계속켜놔서 코인이 2000개가넘는건가요?,컴을 계속켜놔서 코인이 200개가넘는건가요?,"['컴', '켜', '코인', '개', '넘', '거']",True,시스템,0.95,,
j__MUJTquJw,누구는 방어력 누구는 체력 뭐가 맞노 도대체,1,2026-08-02 13:57:23+00:00,누구는 방어력 누구는 체력 뭐가 맞노 도대체,누구는 방어력 누구는 체력 뭐가 맞노 도대체,"['방어력', '체력', '맞']",True,스펙업,0.95,,
j__MUJTquJw,이게 방치형이 맞는거임 ? 이정도면 본메보다 더 알피인데 ?,0,2026-08-02 13:35:03+00:00,이게 방치형이 맞는거임 ? 이정도면 본메보다 더 알피인데 ?,이게 방치형이 맞는거임 ? 이정도면 본메보다 더 알피인데 ?,"['방치', '맞', '거', '정도', '본메', '알피']",True,기타,0.95,,
j__MUJTquJw,14:07 여기 그떄로 똑같이 할려고 하는데 3-5에서 맨 초반에1웨이브 드버 2웨이브 조디악 레이를 사용해야하는데 1웨이브때 드버를 몹 한마리가 안맞아서 법사가 앞으로 가다가 조디악을 쓰네요 이거 다른 방법이 있을까요?,1,2026-08-02 13:21:53+00:00,14:07 여기 그떄로 똑같이 할려고 하는데 3-5에서 맨 초반에1웨이브 드버 2웨이브 조디악 레이를 사용해야하는데 1웨이브때 드버를 몹 한마리가 안맞아서 법사가 앞으로 가다가 조디악을 쓰네요 이거 다른 방법이 있을까요?,14 07 여기 그떄로 똑같이 할려고 하는데 3 5에서 맨 초반에1웨이브 드버 2웨이브 조디악 레이를 사용해야하는데 1웨이브때 드버를 몹 한마리가 안맞아서 법사가 앞으로 가다가 조디악을 쓰네요 이거 다른 방법이 있을까요?,"['떄', '하', '초반', '웨이브', '드버', '웨이브', '조디악', '레이', '사용', '웨이브', '때', '드버', '몹', '마리', '맞', '법사', '앞', '가', '조디악', '쓰', '방법', '있']",True,사냥,0.95,,
j__MUJTquJw,맑음님 무기에 재사용 2줄 총 4초 감소는 어떤가요?,0,2026-08-02 13:03:22+00:00,맑음님 무기에 재사용 2줄 총 4초 감소는 어떤가요?,맑음님 무기에 재사용 2줄 총 4초 감소는 어떤가요?,"['맑음', '님', '무기', '사용', '줄', '초', '감소', '어떻']",True,장비_아이템,1.0,,
j__MUJTquJw,아니 왜 48렙임? 나 꾸준히 한거 같은데 난 41렙인데;;;;;,0,2026-08-02 13:02:03+00:00,아니 왜 48렙임? 나 꾸준히 한거 같은데 난 41렙인데;;;;;,아니 왜 48렙임? 나 꾸준히 한거 같은데 난 41렙인데,"['48렙임', '하', '거', '같', '41렙']",True,육성_레벨링,0.9,,
j__MUJTquJw,경험치 제일 많이 주는 사냥터는 여전히 1-1인가요? 아니면 3-4 에서 방어구뺴고 뺑뺑이인가요?(에테 공 한줄 기준입니다!),0,2026-08-02 12:44:55+00:00,경험치 제일 많이 주는 사냥터는 여전히 1-1인가요? 아니면 3-4 에서 방어구뺴고 뺑뺑이인가요?(에테 공 한줄 기준입니다!),경험치 제일 많이 주는 사냥터는 여전히 1 1인가요? 아니면 3 4 에서 방어구뺴고 뺑뺑이인가요? 에테 공 한줄 기준입니다,"['경험치', '주', '사냥터', '방어구뺴', '뺑뺑이', '에테', '공', '줄', '기준']",True,사냥,1.0,,
Kf3X8XakvHk,법사 3단계무기 계속떠요 ㅠ,0,2026-08-02 12:39:15+00:00,법사 3단계무기 계속떠요 ㅠ,법사 3단계무기 계속떠요 ㅠ,"['법사', '단계', '무기', '뜨']",True,장비_아이템,0.8,,
j__MUJTquJw,"3-4 클리어하고 무기만 끼고 스킬 낀다음 48 ~50 까지 3-4에서 죽으면서 파밍으로 렙업 하는거임? 
1-1보다 그게 더 효울 좋나",0,2026-08-02 12:29:47+00:00,"3-4 클리어하고 무기만 끼고 스킬 낀다음 48 ~50 까지 3-4에서 죽으면서 파밍으로 렙업 하는거임? 
1-1보다 그게 더 효울 좋나",3 4 클리어하고 무기만 끼고 스킬 낀다음 48 50 까지 3 4에서 죽으면서 파밍으로 렙업 하는거임? 1 1보다 그게 더 효울 좋나,"['클리어', '무기', '끼', '스킬', '끼', '다음', '죽', '파밍', '렙', '업', '하', '거', '효', '울', '좋']",True,육성_레벨링,1.0,,
j__MUJTquJw,이거 3-3 첫 입장 극딜에서 1마리 안맞아서 1웨이브에 무조건 극딜 2개 한번에 털리는디?,0,2026-08-02 12:27:38+00:00,이거 3-3 첫 입장 극딜에서 1마리 안맞아서 1웨이브에 무조건 극딜 2개 한번에 털리는디?,이거 3 3 첫 입장 극딜에서 1마리 안맞아서 1웨이브에 무조건 극딜 2개 한번에 털리는디?,"['입장', '극', '딜', '마리', '맞', '웨이브', '조건', '극딜', '개', '번', '털리']",True,보스,0.95,,
j__MUJTquJw,코인 획득량 스테이지 마다 차이 있나요?,0,2026-08-02 12:19:45+00:00,코인 획득량 스테이지 마다 차이 있나요?,코인 획득량 스테이지 마다 차이 있나요?,"['코인', '획득', '량', '스테이지', '차이', '있']",True,이벤트,0.95,,
j__MUJTquJw,9:40 3-4 클 한사람들은 3-4 반복하면 되나요?,1,2026-08-02 12:09:09+00:00,9:40 3-4 클 한사람들은 3-4 반복하면 되나요?,9 40 3 4 클 한사람들은 3 4 반복하면 되나요?,"['크', '하', '사람', '반복', '되']",True,보스,0.95,,
j__MUJTquJw,이거 방치형 맞나요...?,0,2026-08-02 12:05:54+00:00,이거 방치형 맞나요...?,이거 방치형 맞나요 ?,"['방치', '맞']",True,기타,1.0,,
j__MUJTquJw,3-3 드래곤이랑 데몬 1웨이브떄 같이쓰는데 왜이러죠? 보면 예시 3-4 보여주실때 제가 스펙이 더높은데 같은 43렙에 ..,2,2026-08-02 12:00:54+00:00,3-3 드래곤이랑 데몬 1웨이브떄 같이쓰는데 왜이러죠? 보면 예시 3-4 보여주실때 제가 스펙이 더높은데 같은 43렙에 ..,3 3 드래곤이랑 데몬 1웨이브떄 같이쓰는데 왜이러죠? 보면 예시 3 4 보여주실때 제가 스펙이 더높은데 같은 43렙에,"['드래곤', '데몬', '웨이브', '떄', '쓰', '이러', '보', '예시', '보이', '때', '스펙', '높', '데', '같', '43렙']",True,시스템,0.95,,
j__MUJTquJw,방어력 잠재 필요없는거 아닌가요?,0,2026-08-02 11:52:29+00:00,방어력 잠재 필요없는거 아닌가요?,방어력 잠재 필요없는거 아닌가요?,"['방어력', '잠재', '필요', '없', '거']",True,장비_아이템,1.0,,
j__MUJTquJw,혹시 카오스 3-10 까지깬형님들 코인작은 어디서 하는지 알수있을까요 다 똑같나?,0,2026-08-02 11:47:05+00:00,혹시 카오스 3-10 까지깬형님들 코인작은 어디서 하는지 알수있을까요 다 똑같나?,혹시 카오스 3 10 까지깬형님들 코인작은 어디서 하는지 알수있을까요 다 똑같나?,"['카오스', '깨', '형', '코', '작', '하', '알', '수', '있', '똑같']",True,이벤트,0.95,,
j__MUJTquJw,그럼 레벨업은 어느 스테이지에서 뺑뺑이 도는 게 제일 좋나요?,0,2026-08-02 11:44:26+00:00,그럼 레벨업은 어느 스테이지에서 뺑뺑이 도는 게 제일 좋나요?,그럼 레벨업은 어느 스테이지에서 뺑뺑이 도는 게 제일 좋나요?,"['레벨', '업', '스테이지', '뺑뺑이', '도', '것', '좋']",True,육성_레벨링,1.0,,
j__MUJTquJw,아니 이거말고 코인수급량 알려달라고,1,2026-08-02 11:37:15+00:00,아니 이거말고 코인수급량 알려달라고,아니 이거말고 코인수급량 알려달라고,"['말', '코인', '수급', '량', '알리']",True,이벤트,0.95,,
j__MUJTquJw,걍 레벨 더 높이고 템 8강끼면 공략필요없이 천천히 꺨수있찌않음?,2,2026-08-02 11:27:38+00:00,걍 레벨 더 높이고 템 8강끼면 공략필요없이 천천히 꺨수있찌않음?,걍 레벨 더 높이고 템 8강끼면 공략필요없이 천천히 꺨수있찌않음?,"['레벨', '높이', '터', '강', '끼', '공략', '필요', '꺨수있찌']",True,보스,0.95,,
j__MUJTquJw,카오스는 HP보다 방어력이 효율 더 좋지 않나요?,0,2026-08-02 11:24:54+00:00,카오스는 HP보다 방어력이 효율 더 좋지 않나요?,카오스는 HP보다 방어력이 효율 더 좋지 않나요?,"['카오스', '방어력', '효율', '좋']",True,스펙업,0.95,,
j__MUJTquJw,메M은 이전 영상 봐야할까요?,0,2026-08-02 11:24:48+00:00,메M은 이전 영상 봐야할까요?,메M은 이전 영상 봐야할까요?,"['메', '이전', '영상', '보']",True,육성_레벨링,0.95,,gemini
j__MUJTquJw,그럼 혹시 카오스 2-3정도에서 막힌 경우에는 어디 스테이지에서 방치해두는게 좋나요?,0,2026-08-02 11:23:24+00:00,그럼 혹시 카오스 2-3정도에서 막힌 경우에는 어디 스테이지에서 방치해두는게 좋나요?,그럼 혹시 카오스 2 3정도에서 막힌 경우에는 어디 스테이지에서 방치해두는게 좋나요?,"['카오스', '정도', '막히', '경우', '스테이지', '방치', '것', '좋']",True,육성_레벨링,0.95,,
j__MUJTquJw,혹시 코인 만 받을꺼면  일반  3지역 10단계만 해도 상관없는거죠? 카오스지역은 코인 안주던데 칭호딸꺼면 카오스도 가고 그게 아니면 안가도 되죠?,1,2026-08-02 11:20:40+00:00,혹시 코인 만 받을꺼면  일반  3지역 10단계만 해도 상관없는거죠? 카오스지역은 코인 안주던데 칭호딸꺼면 카오스도 가고 그게 아니면 안가도 되죠?,혹시 코인 만 받을꺼면 일반 3지역 10단계만 해도 상관없는거죠? 카오스지역은 코인 안주던데 칭호딸꺼면 카오스도 가고 그게 아니면 안가도 되죠?,"['코인', '받', '꺼', '일반', '지역', '단계', '상관없', '거', '카오스', '지역', '코인', '주', '칭호', '따', '꺼', '카오스', '가', '가', '되']",True,이벤트,0.95,,
j__MUJTquJw,경험치작은 어디서 돌리는게 효율이 좋은가요 렙 40중반대면,0,2026-08-02 11:14:17+00:00,경험치작은 어디서 돌리는게 효율이 좋은가요 렙 40중반대면,경험치작은 어디서 돌리는게 효율이 좋은가요 렙 40중반대면,"['경험치', '작', '돌리', '것', '효율', '좋', '렙', '중반']",True,사냥,1.0,,
f3DLA1EU8vw,전사 무기 깡공 두줄이 좋나요? 아니면 공퍼 하나가 좋을까요?,0,2026-08-02 10:50:46+00:00,전사 무기 깡공 두줄이 좋나요? 아니면 공퍼 하나가 좋을까요?,전사 무기 깡공 두줄이 좋나요? 아니면 공퍼 하나가 좋을까요?,"['전사', '무기', '깡', '공', '줄', '좋', '공퍼', '좋']",True,장비_아이템,1.0,,
rEMZwLbgmcw,지금 윌 해방퀘 어둠의흔적 720/1000인데 이번주 보스는 다 잡았고 제네패스 안에 해방을 완료 할 수 있을까요? 보스는 하스데+노말검밑 돌고있는 챌섭 4500만 레테입니다,1,2026-08-02 01:34:31+00:00,지금 윌 해방퀘 어둠의흔적 720/1000인데 이번주 보스는 다 잡았고 제네패스 안에 해방을 완료 할 수 있을까요? 보스는 하스데+노말검밑 돌고있는 챌섭 4500만 레테입니다,지금 윌 해방퀘 어둠의흔적 720 100인데 이번주 보스는 다 잡았고 제네패스 안에 해방을 완료 할 수 있을까요? 보스는 하스데 노말검밑 돌고있는 챌섭 4500만 레테입니다,"['윌', '해방퀘', '어둠', '흔적', '이번', '주', '보스', '잡', '제네패스', '안', '해방', '완료', '수', '있', '보스', '하스', '데', '노', '말', '검', '밑', '돌', '챌섭', '레테']",True,보스,0.95,,
f3DLA1EU8vw,2-3 3분 걸리더라도 방치로 뺑이 돌리고 싶은데 그럴빠에 1분 30초 걸리는 1-1이 맞나? 스킬 스위칭 맵 수동으로 들어가기 진짜 개 지랄맞아서 절대 못함,0,2026-08-02 00:46:55+00:00,2-3 3분 걸리더라도 방치로 뺑이 돌리고 싶은데 그럴빠에 1분 30초 걸리는 1-1이 맞나? 스킬 스위칭 맵 수동으로 들어가기 진짜 개 지랄맞아서 절대 못함,2 3 3분 걸리더라도 방치로 뺑이 돌리고 싶은데 그럴빠에 1분 30초 걸리는 1 1이 맞나? 스킬 스위칭 맵 수동으로 들어가기 진짜 개 지랄맞아서 절대 못함,"['분', '걸리', '방치', '뺑이', '돌리', '그러', '빠', '분', '초', '걸리', '맞', '스킬', '스위칭', '맵', '수동', '들어가', '진짜', '개', '지랄', '맞', '하']",True,사냥,0.95,,
jfmHPZofrFI,메소 배율이 뭔 뜻이고 뭘 기입해야되는건가요? ㅠㅠ,0,2026-08-01 22:41:43+00:00,메소 배율이 뭔 뜻이고 뭘 기입해야되는건가요? ㅠㅠ,메소 배율이 뭔 뜻이고 뭘 기입해야되는건가요? ㅠㅠ,"['메소', '배율', '뜻', '기입', '되', '거']",True,시스템,0.95,,
f3DLA1EU8vw,이제 슬슬 7렙 장비들끼는데 잠재 뭘로해야될지를모르겟어요ㅠ,0,2026-08-01 11:36:49+00:00,이제 슬슬 7렙 장비들끼는데 잠재 뭘로해야될지를모르겟어요ㅠ,이제 슬슬 7렙 장비들끼는데 잠재 뭘로해야될지를모르겟어요ㅠ,"['7렙', '장비', '끼', '데', '잠재', '하', '되', '모르']",True,장비_아이템,1.0,,
f3DLA1EU8vw,2-4부터는 어떻게 하나요,0,2026-08-01 07:48:52+00:00,2-4부터는 어떻게 하나요,2 4부터는 어떻게 하나요,"['어떻', '하']",True,육성_레벨링,1.0,,
f3DLA1EU8vw,"카오스 모드에서는 전사 방어력 효율이 좋다는 얘기가 있는데, 깡체력 올리는 게 더 좋나요??",0,2026-08-01 05:40:09+00:00,"카오스 모드에서는 전사 방어력 효율이 좋다는 얘기가 있는데, 깡체력 올리는 게 더 좋나요??",카오스 모드에서는 전사 방어력 효율이 좋다는 얘기가 있는데 깡체력 올리는 게 더 좋나요??,"['카오스', '모드', '전사', '방어력', '효율', '좋', '얘기', '있', '깡', '체력', '올리', '것', '좋']",True,스펙업,0.95,,
rEMZwLbgmcw,"현재 레벨 282(경험치 8%)
2추 보12  올5
레전 보40 마9 인트9%, 에디 마6% 인트3

미트라 레전 마마 인트줄 유닉 마 2줄

블랙보조 레 마2줄 유닉 마6 1줄

장신구(여명4개+블랙빈 18성+유닉2줄,에디 레어2줄) (피도미, 이벤 벨트) 
도전자 21성(다음주 22성 달성)
코어는 9 9 9 7 나머지 1(헥사 2개 개방)
투력 8500, 헥환 3.9
이벤링 2개 레전 2줄 에디 레어 마 1줄
성배 106급

보스배율 : 이지카링 94%, 메이린 69%
(심볼 : 아케인 20, 어센틱 5 5 5 5 5)
(하이퍼스텟 280기준으로 맞춰짐)
어디부터 손을 봐야하나요ㅠㅠ
(현재 20억 메소 보유, 챌섭, 본섭 검마 솔플 가능, 매 주 30~40억 메소 범)
(하루 사냥시간 대부분 30분~1시간)
(현재 하드메이린, 하드 세렌잡으면 챌린저 달성 예정)
(노말메이린 배율 95%에 잡았음)",2,2026-08-01 05:36:36+00:00,"현재 레벨 282(경험치 8%)
2추 보12  올5
레전 보40 마9 인트9%, 에디 마6% 인트3

미트라 레전 마마 인트줄 유닉 마 2줄

블랙보조 레 마2줄 유닉 마6 1줄

장신구(여명4개+블랙빈 18성+유닉2줄,에디 레어2줄) (피도미, 이벤 벨트) 
도전자 21성(다음주 22성 달성)
코어는 9 9 9 7 나머지 1(헥사 2개 개방)
투력 8500, 헥환 3.9
이벤링 2개 레전 2줄 에디 레어 마 1줄
성배 106급

보스배율 : 이지카링 94%, 메이린 69%
(심볼 : 아케인 20, 어센틱 5 5 5 5 5)
(하이퍼스텟 280기준으로 맞춰짐)
어디부터 손을 봐야하나요ㅠㅠ
(현재 20억 메소 보유, 챌섭, 본섭 검마 솔플 가능, 매 주 30~40억 메소 범)
(하루 사냥시간 대부분 30분~1시간)
(현재 하드메이린, 하드 세렌잡으면 챌린저 달성 예정)
(노말메이린 배율 95%에 잡았음)",현재 레벨 282 경험치 8 2추 보12 올5 레전 보40 마9 인트9 에디 마6 인트3 미트라 레전 마마 인트줄 유닉 마 2줄 블랙보조 레 마2줄 유닉 마6 1줄 장신구 여명4개 블랙빈 18성 유닉2줄 에디 레어2줄 피도미 이벤 벨트 도전자 21성 다음주 22성 달성 코어는 9 9 9 7 나머지 1 헥사 2개 개방 투력 8500 헥환 3 9 이벤링 2개 레전 2줄 에디 레어 마 1줄 성배 106급 보스배율 이지카링 94 메이린 69 심볼 아케인 20 어센틱 5 5 5 5 5 하이퍼스텟 280기준으로 맞춰짐 어디부터 손을 봐야하나요ㅠㅠ 현재 20억 메소 보유 챌섭 본섭 검마 솔플 가능 매 주 30 40억 메소 범 하루 사냥시간 대부분 30분 1시간 현재 하드메이린 하드 세렌잡으면 챌린저 달성 예정 노말메이린 배율 95 에 잡았음,"['레벨', '경험치', '추', '보', '올', '레저', '보', '마', '인트9', '에디', '마', '인', '트', '미트라', '레', '전', '마마', '인트줄', '유닉', '마', '줄', '블랙보조', '레', '마', '줄', '유닉', '마', '줄', '장신구', '여명', '개', '블랙빈', '성', '유닉', '줄', '에디', '레어', '줄', '피도미', '이벤', '벨트', '도전자', '성', '다음', '주', '성', '달성', '코어', '나머지', '헥사', '개', '개방', '투력', '헥환', '이벤링', '개', '레저', '줄', '에디', '레어', '마', '줄', '성배', '급', '보스', '배율', '이지카링', '메이', '린', '심볼', '아케인', '어센틱', '하이퍼스텟', '기준', '맞추', '손', '보', '메소', '보유', '챌섭', '본섭', '검마', '솔플', '가능', '주', '메', '소', '범', '하루', '사냥', '시간', '대부분', '분', '시간', '하드메이린', '하드', '세렌', '잡', '챌린저', '달성', '예정', '노말메이린', '배율', '잡']",True,스펙업,0.95,,
f3DLA1EU8vw,"방치 후 메소 모으는 건 어디서 하면 되려나요
그냥 2단계부터 쭉 돌려서 다시 갱신하고 확인이 제일 낫나",0,2026-08-01 04:31:28+00:00,"방치 후 메소 모으는 건 어디서 하면 되려나요
그냥 2단계부터 쭉 돌려서 다시 갱신하고 확인이 제일 낫나",방치 후 메소 모으는 건 어디서 하면 되려나요 그냥 2단계부터 쭉 돌려서 다시 갱신하고 확인이 제일 낫나,"['방치', '후', '메소', '모으', '거', '하', '되', '단계', '돌리', '갱신', '확인', '낫']",True,사냥,0.95,,
f3DLA1EU8vw,여행 다녀와서 늦게 시작했는데 원래는 이정도 진도까지 빼야하나...,0,2026-08-01 03:59:30+00:00,여행 다녀와서 늦게 시작했는데 원래는 이정도 진도까지 빼야하나...,여행 다녀와서 늦게 시작했는데 원래는 이정도 진도까지 빼야하나,"['여행', '다녀오', '늦', '시작', '원래', '정도', '진도', '빼']",True,육성_레벨링,0.95,,gemini
f3DLA1EU8vw,2-3에서 7단계 장비 나오는게 맞나? 켜놓고 잤는데 하나도 안나오네,0,2026-08-01 03:44:09+00:00,2-3에서 7단계 장비 나오는게 맞나? 켜놓고 잤는데 하나도 안나오네,2 3에서 7단계 장비 나오는게 맞나? 켜놓고 잤는데 하나도 안나오네,"['단계', '장비', '나오', '것', '맞', '켜', '자', '나오']",True,이벤트,0.95,,
rEMZwLbgmcw,오늘부터 시작해도 해방이랑 챌린저까지 가능한가요?!ㅜㅜ,1,2026-08-01 01:44:00+00:00,오늘부터 시작해도 해방이랑 챌린저까지 가능한가요?!ㅜㅜ,오늘부터 시작해도 해방이랑 챌린저까지 가능한가요? ㅜㅜ,"['오늘', '시작', '해방', '챌린저', '가능']",True,육성_레벨링,1.0,,
f3DLA1EU8vw,37렙 4퍼에서 영상처럼 1-3에서 에스페시아 깠는데 40으로 바로 안가네용..,0,2026-08-01 01:20:45+00:00,37렙 4퍼에서 영상처럼 1-3에서 에스페시아 깠는데 40으로 바로 안가네용..,37렙 4퍼에서 영상처럼 1 3에서 에스페시아 깠는데 40으로 바로 안가네용,"['37렙', '4퍼', '영상', '에스페시아', '까', '가']",True,육성_레벨링,0.95,,
f3DLA1EU8vw,레전 잠재 공략도 해줘잉,0,2026-07-31 22:31:32+00:00,레전 잠재 공략도 해줘잉,레전 잠재 공략도 해줘잉,"['레', '잠재', '공략', '하']",True,장비_아이템,0.95,,
f3DLA1EU8vw,다 깨면 어디서 어떤 잠재로 코인 파밍하면 좋을지 알려주세요~,0,2026-07-31 17:03:31+00:00,다 깨면 어디서 어떤 잠재로 코인 파밍하면 좋을지 알려주세요~,다 깨면 어디서 어떤 잠재로 코인 파밍하면 좋을지 알려주세요,"['깨', '잠재', '코', '파밍', '좋', '알리']",True,이벤트,0.95,,
f3DLA1EU8vw,2-3까지 계속 저 노가다 해야댐??ㄷㄷ,0,2026-07-31 15:45:18+00:00,2-3까지 계속 저 노가다 해야댐??ㄷㄷ,2 3까지 계속 저 노가다 해야댐??ㄷㄷ,"['노가다', '하']",True,육성_레벨링,0.95,,
f3DLA1EU8vw,이전영사에서 알려준 사이트에선 2-9가 경험치 제일 좋다고 나오는데 2-7이 맞는건가요,0,2026-07-31 15:27:34+00:00,이전영사에서 알려준 사이트에선 2-9가 경험치 제일 좋다고 나오는데 2-7이 맞는건가요,이전영사에서 알려준 사이트에선 2 9가 경험치 제일 좋다고 나오는데 2 7이 맞는건가요,"['이', '영사', '알리', '사이트', '경험치', '좋', '나오', '맞', '거']",True,사냥,1.0,,
f3DLA1EU8vw,써주신 43퍼 50퍼때 전사가 죽어서 부활스위칭 하느라 극딜기 스위칭이 안되는데 어떻게함?,0,2026-07-31 15:27:06+00:00,써주신 43퍼 50퍼때 전사가 죽어서 부활스위칭 하느라 극딜기 스위칭이 안되는데 어떻게함?,써주신 43퍼 50퍼때 전사가 죽어서 부활스위칭 하느라 극딜기 스위칭이 안되는데 어떻게함?,"['쓰', '퍼', '50퍼', '때', '전사', '죽', '부활스위칭', '하', '극딜기', '스위칭', '되', '어떻', '하']",True,보스,0.95,,
f3DLA1EU8vw,카오스 뚫으면 어디서 뺑뺑이 돌려야해요?  똑같이 일반 2-7인가요,0,2026-07-31 15:11:45+00:00,카오스 뚫으면 어디서 뺑뺑이 돌려야해요?  똑같이 일반 2-7인가요,카오스 뚫으면 어디서 뺑뺑이 돌려야해요? 똑같이 일반 2 7인가요,"['카오스', '뚫', '뺑뺑이', '돌리', '일반']",True,사냥,0.95,,gemini
rEMZwLbgmcw,현재 280제논입니다 레전잠재 두개 주는것중에 하나를 하트에 박아버려서 보조무기 레전 띄우는게 너무 힘들거 같은데 이러면 챌린저는 포기해야할까요?,1,2026-07-31 14:46:43+00:00,현재 280제논입니다 레전잠재 두개 주는것중에 하나를 하트에 박아버려서 보조무기 레전 띄우는게 너무 힘들거 같은데 이러면 챌린저는 포기해야할까요?,현재 280제논입니다 레전잠재 두개 주는것중에 하나를 하트에 박아버려서 보조무기 레전 띄우는게 너무 힘들거 같은데 이러면 챌린저는 포기해야할까요?,"['논', '레전잠재', '개', '주', '것', '중', '하트', '박', '보조', '무기', '레', '전', '띄우', '것', '힘들', '거', '같', '이러', '챌린저', '포기']",True,스펙업,0.95,,
f3DLA1EU8vw,메이플m 렌 260가이드 영상도 올려주시나요?,5,2026-07-31 13:48:39+00:00,메이플m 렌 260가이드 영상도 올려주시나요?,메이플m 렌 260가이드 영상도 올려주시나요?,"['메이플', '렌', '가이드', '영상', '올리']",True,육성_레벨링,0.95,,
f3DLA1EU8vw,2-3 뺑뺑이 스킬은 어떡게하나요?,1,2026-07-31 10:13:38+00:00,2-3 뺑뺑이 스킬은 어떡게하나요?,2 3 뺑뺑이 스킬은 어떡게하나요?,"['뺑뺑이', '스킬']",True,스킬_6차,1.0,,
rEMZwLbgmcw,"이번에 시작한 메이플 뉴비인데 여기저기서 공략 찾아보고 마스터는 찍어뒀습니다
이제까지는 할만했는데 마스터 부터는 좀 빡세네요..",2,2026-07-31 08:16:24+00:00,"이번에 시작한 메이플 뉴비인데 여기저기서 공략 찾아보고 마스터는 찍어뒀습니다
이제까지는 할만했는데 마스터 부터는 좀 빡세네요..",이번에 시작한 메이플 뉴비인데 여기저기서 공략 찾아보고 마스터는 찍어뒀습니다 이제까지는 할만했는데 마스터 부터는 좀 빡세네요,"['이번', '시작', '메이플', '뉴비', '여기저기', '공략', '찾아보', '마스터', '찍', '이제', '하', '만', '마스터', '빡세']",True,육성_레벨링,0.95,,
f3DLA1EU8vw,메m 렌공략좀 올려줘여,1,2026-07-31 08:05:22+00:00,메m 렌공략좀 올려줘여,메m 렌공략좀 올려줘여,"['메', '렌', '공략', '올리']",True,보스,0.95,,
f3DLA1EU8vw,왜카오스 2-3까지밖에 안밀어염?,0,2026-07-31 07:08:42+00:00,왜카오스 2-3까지밖에 안밀어염?,왜카오스 2 3까지밖에 안밀어염?,"['카오스', '밀']",True,보스,0.95,,
f3DLA1EU8vw,6렙장비 다 맞추고 장비창에 개 많이 쌓여있는게 7렙장비는 언제 만드나요,0,2026-07-31 05:27:17+00:00,6렙장비 다 맞추고 장비창에 개 많이 쌓여있는게 7렙장비는 언제 만드나요,6렙장비 다 맞추고 장비창에 개 많이 쌓여있는게 7렙장비는 언제 만드나요,"['6렙', '장비', '맞추', '장비', '창', '개', '쌓이', '것', '7렙', '장비', '만들']",True,육성_레벨링,1.0,,
f3DLA1EU8vw,메이플m공략은 안올리시나요,0,2026-07-31 04:48:45+00:00,메이플m공략은 안올리시나요,메이플m공략은 안올리시나요,"['메이플', '공략', '올리']",True,기타,0.95,,
f3DLA1EU8vw,뭔 진도가 이렇게빨라 하루종일 게임만함..?,0,2026-07-31 03:03:05+00:00,뭔 진도가 이렇게빨라 하루종일 게임만함..?,뭔 진도가 이렇게빨라 하루종일 게임만함 ?,"['진도', '이렇', '빠르', '하루', '종일', '게임', '하']",True,기타,0.9,,
f3DLA1EU8vw,메m렌250작좀요,0,2026-07-31 02:54:58+00:00,메m렌250작좀요,메m렌250작좀요,"['메m렌', '작']",True,육성_레벨링,0.95,,
rEMZwLbgmcw,하드메이린 안잡고 9만점찍으면 첼린저안대나여 ?,1,2026-07-31 01:47:59+00:00,하드메이린 안잡고 9만점찍으면 첼린저안대나여 ?,하드메이린 안잡고 9만점찍으면 첼린저안대나여 ?,"['하드메이린', '잡', '점', '찍', '첼린저', '대']",True,보스,0.95,,
f3DLA1EU8vw,7단계부터 잠재 공략이 어케 되나요?,0,2026-07-31 01:28:04+00:00,7단계부터 잠재 공략이 어케 되나요?,7단계부터 잠재 공략이 어케 되나요?,"['단계', '잠재', '공략', '하', '되']",True,장비_아이템,1.0,,
f3DLA1EU8vw,지금 3-2인데.......,0,2026-07-31 01:26:57+00:00,지금 3-2인데.......,지금 3 2인데,[],True,육성_레벨링,0.9,,
f3DLA1EU8vw,2-7이 경험치가 제일 많이 줘요? 더 올라갈 수록 더주는거 아닌가?,0,2026-07-31 00:30:17+00:00,2-7이 경험치가 제일 많이 줘요? 더 올라갈 수록 더주는거 아닌가?,2 7이 경험치가 제일 많이 줘요? 더 올라갈 수록 더주는거 아닌가?,"['경험치', '주', '올라가', '수록', '주', '거']",True,사냥,0.95,,
f3DLA1EU8vw,7단계 안만드는 이유가 뭐죠? 그냥 단계높은게 짱아닌가요?,0,2026-07-31 00:11:23+00:00,7단계 안만드는 이유가 뭐죠? 그냥 단계높은게 짱아닌가요?,7단계 안만드는 이유가 뭐죠? 그냥 단계높은게 짱아닌가요?,"['단계', '이유', '단계', '높', '것', '짱']",True,장비_아이템,0.95,,
f3DLA1EU8vw,전사 해머 말고 블레이드 끼는 이유가 뭐임? 블레이드 딜 700 이고 해머 1200인데,0,2026-07-31 00:05:48+00:00,전사 해머 말고 블레이드 끼는 이유가 뭐임? 블레이드 딜 700 이고 해머 1200인데,전사 해머 말고 블레이드 끼는 이유가 뭐임? 블레이드 딜 700 이고 해머 1200인데,"['전사', '해머', '말', '블레이드', '끼', '이유', '블레이드', '딜', '해머']",True,직업_캐릭터,1.0,,
f3DLA1EU8vw,방치형이라면서요 😂,0,2026-07-30 20:26:09+00:00,방치형이라면서요 😂,방치형이라면서요,['방치'],True,기타,0.8,,
f3DLA1EU8vw,ㅅㅂ;; 나 한순간도 안쉬었는데 36렙인데 뭐지...,0,2026-07-30 20:19:37+00:00,ㅅㅂ;; 나 한순간도 안쉬었는데 36렙인데 뭐지...,ㅅㅂ 나 한순간도 안쉬었는데 36렙인데 뭐지,"['순간', '쉬', '렙']",True,육성_레벨링,0.95,,
f3DLA1EU8vw,"10:20 와 이런 빌드는 누가 만드는 거임?
1-3에 막혀서 1-1만 뺑뺑이 돌리고 있었는데 이거 보고 바로 2-3까지 한 번에 다 뚫음ㅋㅋㅋㅋ",1,2026-07-30 17:23:32+00:00,"10:20 와 이런 빌드는 누가 만드는 거임?
1-3에 막혀서 1-1만 뺑뺑이 돌리고 있었는데 이거 보고 바로 2-3까지 한 번에 다 뚫음ㅋㅋㅋㅋ",10 20 와 이런 빌드는 누가 만드는 거임? 1 3에 막혀서 1 1만 뺑뺑이 돌리고 있었는데 이거 보고 바로 2 3까지 한 번에 다 뚫음ㅋㅋ,"['빌', '드', '거', '막히', '뺑뺑이', '돌리', '보', '번', '뚫']",True,기타,0.95,,
f3DLA1EU8vw,혹시 15분대 스킬세팅은 어떻게되나여?,0,2026-07-30 16:59:22+00:00,혹시 15분대 스킬세팅은 어떻게되나여?,혹시 15분대 스킬세팅은 어떻게되나여?,"['분', '스킬', '세팅', '어떻', '되']",True,스킬_6차,1.0,,
f3DLA1EU8vw,38 38 33 인데 2-7보다 3-3이 효율 더 좋던데..,0,2026-07-30 16:06:31+00:00,38 38 33 인데 2-7보다 3-3이 효율 더 좋던데..,38 38 33 인데 2 7보다 3 3이 효율 더 좋던데,"['효율', '좋']",True,스펙업,0.9,,
f3DLA1EU8vw,메 M 공략 올려주시나요??,0,2026-07-30 15:55:53+00:00,메 M 공략 올려주시나요??,메 M 공략 올려주시나요??,"['메', '공략', '올리']",True,기타,0.95,,gemini
f3DLA1EU8vw,"2-6이 경치효율이 더 좋은데 왜 2-7 추천인거지,,,??",0,2026-07-30 15:21:29+00:00,"2-6이 경치효율이 더 좋은데 왜 2-7 추천인거지,,,??",2 6이 경치효율이 더 좋은데 왜 2 7 추천인거지 ??,"['경치', '효율', '좋', '추천', '거']",True,사냥,0.95,,
f3DLA1EU8vw,카오스 2-3에서 방치파밍할때 스킬순서 어떻게하나요?,0,2026-07-30 15:10:45+00:00,카오스 2-3에서 방치파밍할때 스킬순서 어떻게하나요?,카오스 2 3에서 방치파밍할때 스킬순서 어떻게하나요?,"['카오스', '방치파밍', '때', '스킬', '순서', '어떻', '하']",True,사냥,0.95,,
f3DLA1EU8vw,울티마 에스페시아 상자 지금까지 에픽 2번에 올 레어인데 원래 잘 안 뜨는 건가요?,0,2026-07-30 14:25:34+00:00,울티마 에스페시아 상자 지금까지 에픽 2번에 올 레어인데 원래 잘 안 뜨는 건가요?,울티마 에스페시아 상자 지금까지 에픽 2번에 올 레어인데 원래 잘 안 뜨는 건가요?,"['울티마', '에스페시아', '상자', '지금', '에픽', '번', '올', '레어', '뜨', '거']",True,이벤트,0.95,,
f3DLA1EU8vw,7:10 출근할때 키고 나가야돼?😢,0,2026-07-30 14:00:55+00:00,7:10 출근할때 키고 나가야돼?😢,7 10 출근할때 키고 나가야돼?,"['출근', '때', '키', '나가', '되']",True,시스템,0.95,,
f3DLA1EU8vw,2-6아니였어??? 다들 2-6이라던데??,0,2026-07-30 13:41:09+00:00,2-6아니였어??? 다들 2-6이라던데??,2 6아니였어?? 다들 2 6이라던데??,['하'],True,스킬_6차,0.95,,
f3DLA1EU8vw,2-7보다 2-6이 더 효율 좋지않나?,0,2026-07-30 13:01:04+00:00,2-7보다 2-6이 더 효율 좋지않나?,2 7보다 2 6이 더 효율 좋지않나?,"['효율', '좋']",True,육성_레벨링,0.9,,
f3DLA1EU8vw,"본인도 컴퓨터 계속 켜놓고 할거하면서 아이템 합성만 조지고 전사 궁수 40렙, 카오스 진입 앞두고 있어서 큰 할 말은 없다만

카오스 코인 채굴 빨리하고 상점에서 물건 구입 후에 본캐 성장에 도움주려는건 알겠는데

선착순으로 뭐 주는것도 아니고 가만히 있어도 갈만큼 가고 본캐 성장도 알아서 할 수 있을거 이렇게까지 하는 이유가 뭐임? 순수하게 그냥 궁금증임ㅋㅋㅋ",1,2026-07-30 12:49:32+00:00,"본인도 컴퓨터 계속 켜놓고 할거하면서 아이템 합성만 조지고 전사 궁수 40렙, 카오스 진입 앞두고 있어서 큰 할 말은 없다만

카오스 코인 채굴 빨리하고 상점에서 물건 구입 후에 본캐 성장에 도움주려는건 알겠는데

선착순으로 뭐 주는것도 아니고 가만히 있어도 갈만큼 가고 본캐 성장도 알아서 할 수 있을거 이렇게까지 하는 이유가 뭐임? 순수하게 그냥 궁금증임ㅋㅋㅋ",본인도 컴퓨터 계속 켜놓고 할거하면서 아이템 합성만 조지고 전사 궁수 40렙 카오스 진입 앞두고 있어서 큰 할 말은 없다만 카오스 코인 채굴 빨리하고 상점에서 물건 구입 후에 본캐 성장에 도움주려는건 알겠는데 선착순으로 뭐 주는것도 아니고 가만히 있어도 갈만큼 가고 본캐 성장도 알아서 할 수 있을거 이렇게까지 하는 이유가 뭐임? 순수하게 그냥 궁금증임ㅋㅋ,"['본인', '컴퓨터', '켜', '하', '거', '하', '아이템', '합성', '조지', '전사', '궁수', '40렙', '카오스', '진입', '앞두', '크', '하', '말', '없', '카오스', '코인', '채굴', '하', '상점', '물건', '구입', '후', '보', '캐', '성장', '도움', '주', '거', '알', '선착순', '주', '것', '있', '가', '만큼', '가', '보', '캐', '성장', '알', '하', '수', '있', '거', '이렇', '하', '이유', '순수', '궁금증']",True,기타,0.95,,
rEMZwLbgmcw,잼이님 이미 똥블렘에 공21퍼를띄워놨다면 미트라를 킵하는게 나을까요?,1,2026-07-30 12:13:57+00:00,잼이님 이미 똥블렘에 공21퍼를띄워놨다면 미트라를 킵하는게 나을까요?,잼이님 이미 똥블렘에 공21퍼를띄워놨다면 미트라를 킵하는게 나을까요?,"['잼', '똥블렘', '퍼', '띄우', '미트라', '킵', '것', '낫']",True,장비_아이템,1.0,,
f3DLA1EU8vw,근데 왜 6단계 풀셋전에 7단계올리먄 안되는거에요?,0,2026-07-30 11:41:15+00:00,근데 왜 6단계 풀셋전에 7단계올리먄 안되는거에요?,근데 왜 6단계 풀셋전에 7단계올리먄 안되는거에요?,"['단계', '풀', '전', '7단계올리먄', '되', '거']",True,장비_아이템,0.95,,
f3DLA1EU8vw,혹시 영상 ost 뭔지알수있을까욤?,0,2026-07-30 11:39:59+00:00,혹시 영상 ost 뭔지알수있을까욤?,혹시 영상 ost 뭔지알수있을까욤?,"['영상', '알', '수', '있']",True,기타,1.0,,
f3DLA1EU8vw,카오스 2-3 템빼고 죽는거 스킬은 어떻게하나여?,0,2026-07-30 11:31:45+00:00,카오스 2-3 템빼고 죽는거 스킬은 어떻게하나여?,카오스 2 3 템빼고 죽는거 스킬은 어떻게하나여?,"['카오스', '템', '빼', '죽', '거', '스킬', '어떻', '하']",True,보스,0.95,,gemini
f3DLA1EU8vw,2-6 이랑 2-7이랑 효율 뭐가 더 좋나요,0,2026-07-30 11:18:19+00:00,2-6 이랑 2-7이랑 효율 뭐가 더 좋나요,2 6 이랑 2 7이랑 효율 뭐가 더 좋나요,"['이랑', '효율', '좋']",True,스킬_6차,0.95,,
f3DLA1EU8vw,"방치형이라매... 이런 공략 안봐도 매일 접속만 하면 다 타먹을 수 잇는 거 아니엇어,,,?",9,2026-07-30 11:11:43+00:00,"방치형이라매... 이런 공략 안봐도 매일 접속만 하면 다 타먹을 수 잇는 거 아니엇어,,,?",방치형이라매 이런 공략 안봐도 매일 접속만 하면 다 타먹을 수 잇는 거 아니엇어 ?,"['방치', '하', '공략', '보', '접속', '하', '타', '먹', '수', '잇', '거']",True,기타,0.9,,gemini
f3DLA1EU8vw,메m 250공략 올려주시나용,0,2026-07-30 11:02:06+00:00,메m 250공략 올려주시나용,메m 250공략 올려주시나용,"['메', '공략', '올리']",True,육성_레벨링,1.0,,
f3DLA1EU8vw,전사 28% 궁수 43% 마법사 50% 이거 수치는 어디서 확인하나요?,0,2026-07-30 10:48:32+00:00,전사 28% 궁수 43% 마법사 50% 이거 수치는 어디서 확인하나요?,전사 28 궁수 43 마법사 50 이거 수치는 어디서 확인하나요?,"['전사', '궁수', '마법사', '수치', '확인']",True,시스템,1.0,,gemini
f3DLA1EU8vw,2-6이 2-7보다 효율이 더 좋은거 아니었나요..?,0,2026-07-30 10:43:19+00:00,2-6이 2-7보다 효율이 더 좋은거 아니었나요..?,2 6이 2 7보다 효율이 더 좋은거 아니었나요 ?,"['효율', '좋', '거']",True,사냥,0.95,,gemini
f3DLA1EU8vw,363630 인데 어디 뺑뺑이 돌아야 할까요,0,2026-07-30 10:41:59+00:00,363630 인데 어디 뺑뺑이 돌아야 할까요,363630 인데 어디 뺑뺑이 돌아야 할까요,"['이', '뺑뺑이', '돌']",True,육성_레벨링,1.0,,gemini
f3DLA1EU8vw,공격속도 증가 옵션 돌려서 달았는데 공마퍼가 더 좋은건가요?,0,2026-07-30 10:39:37+00:00,공격속도 증가 옵션 돌려서 달았는데 공마퍼가 더 좋은건가요?,공격속도 증가 옵션 돌려서 달았는데 공마퍼가 더 좋은건가요?,"['공격', '속도', '증가', '옵션', '돌리', '달', '공마퍼', '좋', '거']",True,스펙업,0.95,,gemini
f3DLA1EU8vw,1:22  여기 브금 뭐에요 ?!,2,2026-07-30 10:33:52+00:00,1:22  여기 브금 뭐에요 ?!,1 22 여기 브금 뭐에요 ?,['브금'],True,기타,1.0,,gemini
f3DLA1EU8vw,궁금한 게 있는데 2-7이 레벨링에 있어서 3지역보다 효율이 더 좋아서 2-7 가는건가요?,0,2026-07-30 10:31:48+00:00,궁금한 게 있는데 2-7이 레벨링에 있어서 3지역보다 효율이 더 좋아서 2-7 가는건가요?,궁금한 게 있는데 2 7이 레벨링에 있어서 3지역보다 효율이 더 좋아서 2 7 가는건가요?,"['궁금하', '것', '있', '레벨', '링', '있', '지역', '효율', '좋', '가', '거']",True,사냥,0.95,,gemini
f3DLA1EU8vw,3-10은 40렙 찍고 갈 수 있나보네요.. 37렙이라 안깨져서 보러왔는데 ㅜㅜ,3,2026-07-30 10:23:01+00:00,3-10은 40렙 찍고 갈 수 있나보네요.. 37렙이라 안깨져서 보러왔는데 ㅜㅜ,3 10은 40렙 찍고 갈 수 있나보네요 37렙이라 안깨져서 보러왔는데 ㅜㅜ,"['렙', '찍', '가', '수', '있', '37렙', '깨지', '보', '오']",True,보스,0.95,,gemini
f3DLA1EU8vw,방치형 맞냐고!!,32,2026-07-30 10:18:23+00:00,방치형 맞냐고!!,방치형 맞냐고,"['방치', '맞']",True,기타,0.95,,gemini
f3DLA1EU8vw,"나의 빛 맑음쨩
혹시 메M렌260공략 찍어주시나요?",97,2026-07-30 10:10:47+00:00,"나의 빛 맑음쨩
혹시 메M렌260공략 찍어주시나요?",나의 빛 맑음쨩 혹시 메M렌260공략 찍어주시나요?,"['빛', '맑음쨩', '메M렌', '공략', '찍']",True,육성_레벨링,0.95,,gemini
f3DLA1EU8vw,"그래서 카오스 던전 오류난 거 압수했냐고요?

ㄱ-",2,2026-07-30 10:10:44+00:00,"그래서 카오스 던전 오류난 거 압수했냐고요?

ㄱ-",그래서 카오스 던전 오류난 거 압수했냐고요? ㄱ,"['카오스', '던전', '오류', '나', '거', '압수']",True,보스,0.95,,gemini
Q-b20FJZ0jQ,지금 하기엔 늦을까요? 매일 해야하지요?,0,2026-07-30 09:08:01+00:00,지금 하기엔 늦을까요? 매일 해야하지요?,지금 하기엔 늦을까요? 매일 해야하지요?,"['하', '늦', '하']",True,육성_레벨링,0.95,,gemini
Y55mNGMowDw,맑음로이드!! 얼른 메M 공략 영상 만들어줘!!,0,2026-07-30 06:43:30+00:00,맑음로이드!! 얼른 메M 공략 영상 만들어줘!!,맑음로이드 얼른 메M 공략 영상 만들어줘,"['맑음로이드', '메', '공략', '영상', '만들']",True,기타,0.9,,gemini
rEMZwLbgmcw,? 전투력1억 빡센데?,1,2026-07-30 03:50:25+00:00,? 전투력1억 빡센데?,? 전투력1억 빡센데?,"['전투력', '빡세']",True,보스,0.8,,gemini
4aujILjlhkE,"메이플스토리 처음하는데 심볼 착용 순서가 있나요?

예를들면 에스페라 길뚫을 하면 에스페라 길뚫 후 주는 에스페라 심볼 레벨 1 을 주고

하이퍼버닝맥스를 하면 에스페라 심볼 레벨 10을 주는데 

원래 전형적이고 교과서 적인 방식은 하이퍼버닝맥스에서 주는 이벤트 에스페라 심볼 레벨 10을 착용 후 길뚫 후 받는 에스페라 심볼 레벨 1 을 착용후 그 다음에 에스페라 일일퀘스트를 완류를 주는 에스페라 20개 심볼 쿠폰을 착용 하는게 정석인거죠?.. 

저는 실수로 순서를 약간 꼬이게했는데.. 예를들면 하이퍼버닝 맥스로 주는 심볼 10을 착용후 까먹고 에스페라 길뚫 후 주는 심볼 1레벨을 착용안하고 일퀘로 얻은 에스페라 심볼을 먼저 착용을 하고 1레벨 을 착용 맨 마지막에 했는데 불이득이라던지 순서에대해서 꼬인건맞죠?..",0,2026-07-30 03:12:49+00:00,"메이플스토리 처음하는데 심볼 착용 순서가 있나요?

예를들면 에스페라 길뚫을 하면 에스페라 길뚫 후 주는 에스페라 심볼 레벨 1 을 주고

하이퍼버닝맥스를 하면 에스페라 심볼 레벨 10을 주는데 

원래 전형적이고 교과서 적인 방식은 하이퍼버닝맥스에서 주는 이벤트 에스페라 심볼 레벨 10을 착용 후 길뚫 후 받는 에스페라 심볼 레벨 1 을 착용후 그 다음에 에스페라 일일퀘스트를 완류를 주는 에스페라 20개 심볼 쿠폰을 착용 하는게 정석인거죠?.. 

저는 실수로 순서를 약간 꼬이게했는데.. 예를들면 하이퍼버닝 맥스로 주는 심볼 10을 착용후 까먹고 에스페라 길뚫 후 주는 심볼 1레벨을 착용안하고 일퀘로 얻은 에스페라 심볼을 먼저 착용을 하고 1레벨 을 착용 맨 마지막에 했는데 불이득이라던지 순서에대해서 꼬인건맞죠?..",메이플스토리 처음하는데 심볼 착용 순서가 있나요? 예를들면 에스페라 길뚫을 하면 에스페라 길뚫 후 주는 에스페라 심볼 레벨 1 을 주고 하이퍼버닝맥스를 하면 에스페라 심볼 레벨 10을 주는데 원래 전형적이고 교과서 적인 방식은 하이퍼버닝맥스에서 주는 이벤트 에스페라 심볼 레벨 10을 착용 후 길뚫 후 받는 에스페라 심볼 레벨 1 을 착용후 그 다음에 에스페라 일일퀘스트를 완류를 주는 에스페라 20개 심볼 쿠폰을 착용 하는게 정석인거죠? 저는 실수로 순서를 약간 꼬이게했는데 예를들면 하이퍼버닝 맥스로 주는 심볼 10을 착용후 까먹고 에스페라 길뚫 후 주는 심볼 1레벨을 착용안하고 일퀘로 얻은 에스페라 심볼을 먼저 착용을 하고 1레벨 을 착용 맨 마지막에 했는데 불이득이라던지 순서에대해서 꼬인건맞죠?,"['메이플스토리', '처음', '하', '데', '심볼', '착용', '순서', '있', '예', '들', '에스페라', '길', '뚫', '하', '에스페라', '길', '뚫', '후', '주', '에스페라', '심볼', '레벨', '주', '하이퍼버닝맥스', '하', '에스페라', '심볼', '레벨', '주', '원래', '전형', '교과서', '방식', '하이퍼버닝맥스', '주', '이벤트', '에스페라', '심볼', '레벨', '착용', '후', '길', '뚫', '후', '받', '에스페라', '심볼', '레벨', '을', '착용', '후', '다음', '에스페라', '일일퀘스트', '완류', '주', '에스페라', '개', '심볼', '쿠폰', '착용', '것', '정석', '거', '실수', '순서', '꼬이', '예', '들', '하이퍼', '버닝', '맥스', '주', '심볼', '을', '착용', '후', '까먹', '에스페라', '길', '뚫', '후', '주', '심볼', '1레벨', '착용', '하', '일퀘', '얻', '에스페라', '심볼', '착용', '하', '1레벨', '착용', '마지막', '하', '이득', '순서', '대하', '꼬이', '거', '맞']",True,육성_레벨링,1.0,,gemini
rEMZwLbgmcw,"메이플스토리 처음하는데 심볼 착용 순서가 있나요?

예를들면 에스페라 길뚫을 하면 에스페라 길뚫 후 주는 에스페라 심볼 레벨 1 을 주고

하이퍼버닝맥스를 하면 에스페라 심볼 레벨 10을 주는데 

원래 전형적이고 교과서 적인 방식은 하이퍼버닝맥스에서 주는 이벤트 에스페라 심볼 레벨 10을 착용 후 길뚫 후 받는 에스페라 심볼 레벨 1 을 착용후 그 다음에 에스페라 일일퀘스트를 완류를 주는 에스페라 20개 심볼 쿠폰을 착용 하는게 정석인거죠?.. 

저는 실수로 순서를 약간 꼬이게했는데.. 예를들면 하이퍼버닝 맥스로 주는 심볼 10을 착용후 까먹고 에스페라 길뚫 후 주는 심볼 1레벨을 착용안하고 일퀘로 얻은 에스페라 심볼을 먼저 착용을 하고 1레벨 을 착용 맨 마지막에 했는데 불이득이라던지 순서에대해서 꼬인건맞죠?..",1,2026-07-30 03:12:22+00:00,"메이플스토리 처음하는데 심볼 착용 순서가 있나요?

예를들면 에스페라 길뚫을 하면 에스페라 길뚫 후 주는 에스페라 심볼 레벨 1 을 주고

하이퍼버닝맥스를 하면 에스페라 심볼 레벨 10을 주는데 

원래 전형적이고 교과서 적인 방식은 하이퍼버닝맥스에서 주는 이벤트 에스페라 심볼 레벨 10을 착용 후 길뚫 후 받는 에스페라 심볼 레벨 1 을 착용후 그 다음에 에스페라 일일퀘스트를 완류를 주는 에스페라 20개 심볼 쿠폰을 착용 하는게 정석인거죠?.. 

저는 실수로 순서를 약간 꼬이게했는데.. 예를들면 하이퍼버닝 맥스로 주는 심볼 10을 착용후 까먹고 에스페라 길뚫 후 주는 심볼 1레벨을 착용안하고 일퀘로 얻은 에스페라 심볼을 먼저 착용을 하고 1레벨 을 착용 맨 마지막에 했는데 불이득이라던지 순서에대해서 꼬인건맞죠?..",메이플스토리 처음하는데 심볼 착용 순서가 있나요? 예를들면 에스페라 길뚫을 하면 에스페라 길뚫 후 주는 에스페라 심볼 레벨 1 을 주고 하이퍼버닝맥스를 하면 에스페라 심볼 레벨 10을 주는데 원래 전형적이고 교과서 적인 방식은 하이퍼버닝맥스에서 주는 이벤트 에스페라 심볼 레벨 10을 착용 후 길뚫 후 받는 에스페라 심볼 레벨 1 을 착용후 그 다음에 에스페라 일일퀘스트를 완류를 주는 에스페라 20개 심볼 쿠폰을 착용 하는게 정석인거죠? 저는 실수로 순서를 약간 꼬이게했는데 예를들면 하이퍼버닝 맥스로 주는 심볼 10을 착용후 까먹고 에스페라 길뚫 후 주는 심볼 1레벨을 착용안하고 일퀘로 얻은 에스페라 심볼을 먼저 착용을 하고 1레벨 을 착용 맨 마지막에 했는데 불이득이라던지 순서에대해서 꼬인건맞죠?,"['메이플스토리', '처음', '하', '데', '심볼', '착용', '순서', '있', '예', '들', '에스페라', '길', '뚫', '하', '에스페라', '길', '뚫', '후', '주', '에스페라', '심볼', '레벨', '주', '하이퍼버닝맥스', '하', '에스페라', '심볼', '레벨', '주', '원래', '전형', '교과서', '방식', '하이퍼버닝맥스', '주', '이벤트', '에스페라', '심볼', '레벨', '착용', '후', '길', '뚫', '후', '받', '에스페라', '심볼', '레벨', '을', '착용', '후', '다음', '에스페라', '일일퀘스트', '완류', '주', '에스페라', '개', '심볼', '쿠폰', '착용', '것', '정석', '거', '실수', '순서', '꼬이', '예', '들', '하이퍼', '버닝', '맥스', '주', '심볼', '을', '착용', '후', '까먹', '에스페라', '길', '뚫', '후', '주', '심볼', '1레벨', '착용', '하', '일퀘', '얻', '에스페라', '심볼', '착용', '하', '1레벨', '착용', '마지막', '하', '이득', '순서', '대하', '꼬이', '거', '맞']",True,육성_레벨링,1.0,,gemini
Y55mNGMowDw,메m공략 영상 없나요 급함,0,2026-07-30 03:01:11+00:00,메m공략 영상 없나요 급함,메m공략 영상 없나요 급함,"['메', '공략', '영상', '없', '급하']",True,기타,0.95,,gemini
rEMZwLbgmcw,안녕하세요 지각생 메린이 입니다 연합 방어임무하고 출석 각각 19일 21일 늦었는데 메포로 뚫어야할까요?,1,2026-07-30 01:39:10+00:00,안녕하세요 지각생 메린이 입니다 연합 방어임무하고 출석 각각 19일 21일 늦었는데 메포로 뚫어야할까요?,안녕하세요 지각생 메린이 입니다 연합 방어임무하고 출석 각각 19일 21일 늦었는데 메포로 뚫어야할까요?,"['안녕', '지각', '메린', '입', '연합', '방어', '임무', '출석', '일', '일', '늦', '메', '포', '뚫']",True,이벤트,0.95,,gemini
rEMZwLbgmcw,챌섭이 50일밖에안남음? ㄷㄷ,1,2026-07-30 00:57:06+00:00,챌섭이 50일밖에안남음? ㄷㄷ,챌섭이 50일밖에안남음? ㄷㄷ,"['챌섭', '일', '남']",True,이벤트,0.95,,gemini
rEMZwLbgmcw,285렙은 어떻게든 만들겠는데 투력 1억은 어케 해야 하는지 전혀 모르겠네요ㅠㅠ 여명셋은 무조건 해줘야 하는건 알겠는데 항상 메소가 후달림... 한달 남았는데 투력 3천만 근처에다 아이템버닝도 못 뚫고 제네패스 사놓고 해방 못 할 것 같네요,1,2026-07-30 00:45:47+00:00,285렙은 어떻게든 만들겠는데 투력 1억은 어케 해야 하는지 전혀 모르겠네요ㅠㅠ 여명셋은 무조건 해줘야 하는건 알겠는데 항상 메소가 후달림... 한달 남았는데 투력 3천만 근처에다 아이템버닝도 못 뚫고 제네패스 사놓고 해방 못 할 것 같네요,285렙은 어떻게든 만들겠는데 투력 1억은 어케 해야 하는지 전혀 모르겠네요ㅠㅠ 여명셋은 무조건 해줘야 하는건 알겠는데 항상 메소가 후달림 한달 남았는데 투력 3천만 근처에다 아이템버닝도 못 뚫고 제네패스 사놓고 해방 못 할 것 같네요,"['렙', '어떻', '만들', '투력', '하', '모르', '여명', '하', '거', '알', '메소', '후달림', '달', '남', '투', '근처', '아이템버닝', '뚫', '제네패스', '사', '해방', '하', '것', '같']",True,스펙업,0.95,,gemini
xLPWWv_-gwI,"사이트 막힌거같은데 맞나요,.,",0,2026-07-29 23:10:18+00:00,"사이트 막힌거같은데 맞나요,.,",사이트 막힌거같은데 맞나요,"['사이트', '막히', '거', '같', '맞']",True,시스템,0.95,,gemini
xLPWWv_-gwI,전사 궁수 30렙에 위 스펙보다 훨씬 높은데 일단 2-8도 못깸 이거 샹 문제있는데?,1,2026-07-29 22:44:39+00:00,전사 궁수 30렙에 위 스펙보다 훨씬 높은데 일단 2-8도 못깸 이거 샹 문제있는데?,전사 궁수 30렙에 위 스펙보다 훨씬 높은데 일단 2 8도 못깸 이거 샹 문제있는데?,"['전사', '궁수', '30렙', '위', '스펙', '높', '깨', '샹', '문제', '있', '데']",True,보스,0.95,,gemini
rEMZwLbgmcw,"뉴비 검마 진짜 못잡겠어요 어케 잡는거누,, 진힐라 잡고 좋아했는데 검마 만나니깐 대가리 박아도 이거 되나?라는 생각 듬 다른 보스들은 대가리 박다보면 아~ 깨닫는게 있는데 얜 그딴 거 없음",1,2026-07-29 16:00:58+00:00,"뉴비 검마 진짜 못잡겠어요 어케 잡는거누,, 진힐라 잡고 좋아했는데 검마 만나니깐 대가리 박아도 이거 되나?라는 생각 듬 다른 보스들은 대가리 박다보면 아~ 깨닫는게 있는데 얜 그딴 거 없음",뉴비 검마 진짜 못잡겠어요 어케 잡는거누 진힐라 잡고 좋아했는데 검마 만나니깐 대가리 박아도 이거 되나?라는 생각 듬 다른 보스들은 대가리 박다보면 아 깨닫는게 있는데 얜 그딴 거 없음,"['뉴비', '검마', '잡', '하', '잡', '거', '진힐라', '잡', '좋아하', '검마', '만나', '대가리', '박', '되', '생각', '듬', '보스', '대가리', '박', '깨닫', '것', '있', '거', '없']",True,보스,0.95,,gemini
rEMZwLbgmcw,목소리가 바꼈어요?,3,2026-07-29 13:32:52+00:00,목소리가 바꼈어요?,목소리가 바꼈어요?,"['목소리', '바끼']",True,시스템,0.9,,gemini
rEMZwLbgmcw,자정 해방인대 검마3페가 아직도 벽이라 두렵네요... 노말세렌은 영상안보고 박치기해도 금방꺳는대 검마도잡고 렙업도해야 7만점인대 막막하군요... 개똥손이라 눞고 피한다고해도 잘안풀리네요... ㅠ검마랑 친해져야한다는대 친해질수있을까요 솔직히 매생첫 해방이라 상위보스 하드잡아본것도 달달떨립니다.. ㅎ,1,2026-07-29 13:13:47+00:00,자정 해방인대 검마3페가 아직도 벽이라 두렵네요... 노말세렌은 영상안보고 박치기해도 금방꺳는대 검마도잡고 렙업도해야 7만점인대 막막하군요... 개똥손이라 눞고 피한다고해도 잘안풀리네요... ㅠ검마랑 친해져야한다는대 친해질수있을까요 솔직히 매생첫 해방이라 상위보스 하드잡아본것도 달달떨립니다.. ㅎ,자정 해방인대 검마3페가 아직도 벽이라 두렵네요 노말세렌은 영상안보고 박치기해도 금방꺳는대 검마도잡고 렙업도해야 7만점인대 막막하군요 개똥손이라 눞고 피한다고해도 잘안풀리네요 ㅠ검마랑 친해져야한다는대 친해질수있을까요 솔직히 매생첫 해방이라 상위보스 하드잡아본것도 달달떨립니다 ㅎ,"['자정', '해방인대', '검마3페', '벽', '두렵', '노말세렌', '영상', '보', '박치기', '꺳', '검', '마', '잡', '렙', '업', '하', '점', '개똥', '손', '눞고', '피하', '하', '풀리', '검', '마', '친하', '대', '친하', '수', '있', '생', '해방', '상위', '보스', '하드', '잡', '것', '떨리']",True,보스,0.95,,gemini
rEMZwLbgmcw,지금 메이플 복귀해도 괜찮은 타이밍인가요?(챌섭 260찍고 6차하고 잠수탐),1,2026-07-29 12:24:30+00:00,지금 메이플 복귀해도 괜찮은 타이밍인가요?(챌섭 260찍고 6차하고 잠수탐),지금 메이플 복귀해도 괜찮은 타이밍인가요? 챌섭 260찍고 6차하고 잠수탐,"['메이플', '복귀', '괜찮', '타이밍', '챌섭', '찍', '차', '잠수', '타']",True,이벤트,0.95,,gemini
rEMZwLbgmcw,노해방 검마가 진짜 극혐이었는데..언제 다잡지,1,2026-07-29 12:13:36+00:00,노해방 검마가 진짜 극혐이었는데..언제 다잡지,노해방 검마가 진짜 극혐이었는데 언제 다잡지,"['노', '해방', '검마', '극혐', '잡']",True,보스,0.8,,gemini
rEMZwLbgmcw,잼이님은 요번 챌섭목표 어떻게되세유?,1,2026-07-29 11:40:17+00:00,잼이님은 요번 챌섭목표 어떻게되세유?,잼이님은 요번 챌섭목표 어떻게되세유?,"['잼', '요번', '챌섭', '목표', '되']",True,이벤트,0.9,,gemini
rEMZwLbgmcw,뉴비인데요ㅠㅠ 보스2인격으로 갈려고하는데 2인이면 어둠의 흔적도 반토막 나나요?,1,2026-07-29 11:37:12+00:00,뉴비인데요ㅠㅠ 보스2인격으로 갈려고하는데 2인이면 어둠의 흔적도 반토막 나나요?,뉴비인데요ㅠㅠ 보스2인격으로 갈려고하는데 2인이면 어둠의 흔적도 반토막 나나요?,"['뉴비', '보스', '인격', '가', '인', '어둠', '흔적', '반토막', '나']",True,보스,1.0,,gemini
rEMZwLbgmcw,"안녕하세요 요번챌섭 유입입니다. 지금 무보엠 스펙이 제네무기:공뎀보(레전)/공공(15%유니크)   ,    블랙보조:보보공(레전)/공뎀힘(에픽)초반에 6딸깍으로 띄워서 쓰고있습니다   ,  엠블(미트라x):공방방(레전)/공공힘(에픽) 이렇게 되는데 18유에 여명장신구 다 맞추고 1억정도 찍었습니다. 근데 아직 하드메이린 배율이 90퍼대가 나와서 스펙업을 해야하는데 엠블 윗잠을 건드려보는게 나을까요.. ㅠㅠ 지금 스펙업 방향을 아예 모르겠습니다.. ㅠ 엠블 방무를 빼고 하드메이린용으로 공 두줄쓰는게 나을까요?",2,2026-07-29 11:11:13+00:00,"안녕하세요 요번챌섭 유입입니다. 지금 무보엠 스펙이 제네무기:공뎀보(레전)/공공(15%유니크)   ,    블랙보조:보보공(레전)/공뎀힘(에픽)초반에 6딸깍으로 띄워서 쓰고있습니다   ,  엠블(미트라x):공방방(레전)/공공힘(에픽) 이렇게 되는데 18유에 여명장신구 다 맞추고 1억정도 찍었습니다. 근데 아직 하드메이린 배율이 90퍼대가 나와서 스펙업을 해야하는데 엠블 윗잠을 건드려보는게 나을까요.. ㅠㅠ 지금 스펙업 방향을 아예 모르겠습니다.. ㅠ 엠블 방무를 빼고 하드메이린용으로 공 두줄쓰는게 나을까요?",안녕하세요 요번챌섭 유입입니다 지금 무보엠 스펙이 제네무기 공뎀보 레전 공공 15 유니크 블랙보조 보보공 레전 공뎀힘 에픽 초반에 6딸깍으로 띄워서 쓰고있습니다 엠블 미트라x 공방방 레전 공공힘 에픽 이렇게 되는데 18유에 여명장신구 다 맞추고 1억정도 찍었습니다 근데 아직 하드메이린 배율이 90퍼대가 나와서 스펙업을 해야하는데 엠블 윗잠을 건드려보는게 나을까요 ㅠㅠ 지금 스펙업 방향을 아예 모르겠습니다 ㅠ 엠블 방무를 빼고 하드메이린용으로 공 두줄쓰는게 나을까요?,"['안녕', '요번챌섭', '유입', '무보엠', '스펙', '무기', '공뎀보', '레', '공공', '유니크', '블랙', '보조', '보', '보', '공', '레', '공뎀힘', '에픽', '초반', '딸', '띄우', '쓰', '엠블', '미트라x', '공방방', '레전', '공공힘', '이렇', '되', '유', '여명장신구', '맞추', '정도', '찍', '하드메이린', '배율', '퍼', '대', '나오', '스펙', '업', '하', '엠', '잠', '건드리', '것', '낫', '스펙', '업', '방향', '모르', '엠', '방', '무', '빼', '하드메이린', '공', '줄', '쓰', '것', '낫']",True,스펙업,1.0,,gemini
rEMZwLbgmcw,솔야누스20랩이면 설치기 3개되는거 아닌가용?,3,2026-07-29 10:48:25+00:00,솔야누스20랩이면 설치기 3개되는거 아닌가용?,솔야누스20랩이면 설치기 3개되는거 아닌가용?,"['솔야누스', '랩', '설치', '개', '거']",True,스킬_6차,1.0,,gemini
rEMZwLbgmcw,"항상 감사합니다!
구독과 좋아요는 채널유지에 큰힘이 됩니다!

1.
윗잠 3줄직작은 필수가 아니라
진짜 너무 비싸면 하시면 좋고 지금은 가격이 저렴해져서
완작 보조무기 사시면 좋습니다!

수정할 것이 있습니다
솔야누스 10렙 20렙가면서
설치기가 하나씩 추가돼서

20레벨때 설치기가 3개가 됩니다
이해에 어려움을 드려서 죄송합니다


0:25 챌린저스 챌린저 하려면 어떻게 해야함?
02:11 챌린저스 템셋팅 무보엠
05:17 장신구는 적당하게 세팅해도 됨
06:32 285레벨과 프리미엄 패스



영상과 상관없는 내용이나 과도한 직업비하는
삭제가 되니까 이부분 양해부탁드립니다

채널에 가입하여 혜택을 누려보세요.
https://www.youtube.com/channel/UClLl6MY6ad9f_bZDHxdzqww/join

잼이카페
cafe.naver.com/zamegame

잼이 치지직
https://chzzk.naver.com/fc472e07e10f4e2fb7ee9db67d29120d

목 건강이 나빠서 이중 더빙을 하고 있습니다

ai 성우 사용중입니다

[메이플 장편] 월수금 1편씩 오후 6시 업로드",4,2026-07-29 10:19:27+00:00,"항상 감사합니다!
구독과 좋아요는 채널유지에 큰힘이 됩니다!

1.
윗잠 3줄직작은 필수가 아니라
진짜 너무 비싸면 하시면 좋고 지금은 가격이 저렴해져서
완작 보조무기 사시면 좋습니다!

수정할 것이 있습니다
솔야누스 10렙 20렙가면서
설치기가 하나씩 추가돼서

20레벨때 설치기가 3개가 됩니다
이해에 어려움을 드려서 죄송합니다


0:25 챌린저스 챌린저 하려면 어떻게 해야함?
02:11 챌린저스 템셋팅 무보엠
05:17 장신구는 적당하게 세팅해도 됨
06:32 285레벨과 프리미엄 패스



영상과 상관없는 내용이나 과도한 직업비하는
삭제가 되니까 이부분 양해부탁드립니다

채널에 가입하여 혜택을 누려보세요.
https://www.youtube.com/channel/UClLl6MY6ad9f_bZDHxdzqww/join

잼이카페
cafe.naver.com/zamegame

잼이 치지직
https://chzzk.naver.com/fc472e07e10f4e2fb7ee9db67d29120d

목 건강이 나빠서 이중 더빙을 하고 있습니다

ai 성우 사용중입니다

[메이플 장편] 월수금 1편씩 오후 6시 업로드",항상 감사합니다 구독과 좋아요는 채널유지에 큰힘이 됩니다 1 윗잠 3줄직작은 필수가 아니라 진짜 너무 비싸면 하시면 좋고 지금은 가격이 저렴해져서 완작 보조무기 사시면 좋습니다 수정할 것이 있습니다 솔야누스 10렙 20렙가면서 설치기가 하나씩 추가돼서 20레벨때 설치기가 3개가 됩니다 이해에 어려움을 드려서 죄송합니다 0 25 챌린저스 챌린저 하려면 어떻게 해야함? 02 11 챌린저스 템셋팅 무보엠 05 17 장신구는 적당하게 세팅해도 됨 06 32 285레벨과 프리미엄 패스 영상과 상관없는 내용이나 과도한 직업비하는 삭제가 되니까 이부분 양해부탁드립니다 채널에 가입하여 혜택을 누려보세요 잼이카페 cafe naver com zamegame 잼이 치지직 목 건강이 나빠서 이중 더빙을 하고 있습니다 ai 성우 사용중입니다 메이플 장편 월수금 1편씩 오후 6시 업로드,"['감사', '구독', '좋아요', '채널', '유지', '크', '힘', '되', '윗잠', '줄직작', '필수', '비싸', '하', '좋', '지금', '가격', '완', '작', '보조', '무기', '사', '좋', '수정', '것', '있', '솔야누스', '10렙', '20렙', '가', '설치', '추가', '레벨', '때', '설치', '개', '되', '이해', '어려움', '드리', '챌린저스', '챌린저', '하', '어떻', '하', '챌린저스', '템셋팅', '무보엠', '장신구', '세팅', '되', '레벨', '프리미엄', '패스', '영상', '상관없', '내용', '과도', '직업', '비하', '삭제', '되', '부분', '양해', '부탁', '드리', '채널', '가입', '혜택', '누리', '잼이카페', '잼', '목', '건강', '나쁘', '이중', '더빙', '하', '성우', '사용', '중', '메이플', '장편', '월', '수금', '편', '오후', '시', '업로드']",True,육성_레벨링,0.95,,gemini
Kf3X8XakvHk,3단계공략점,0,2026-07-29 07:30:21+00:00,3단계공략점,3단계공략점,"['단계', '공략', '점']",True,보스,0.95,,gemini
xLPWWv_-gwI,6단께활이나왓는데 큐브뭘로맞춰야할까요? 일단 공속1단계랑 공격력 끼고잇는데.. 공퍼가 더좋을까요? 공퍼 10퍼까진나오던뎅,0,2026-07-28 22:13:03+00:00,6단께활이나왓는데 큐브뭘로맞춰야할까요? 일단 공속1단계랑 공격력 끼고잇는데.. 공퍼가 더좋을까요? 공퍼 10퍼까진나오던뎅,6단께활이나왓는데 큐브뭘로맞춰야할까요? 일단 공속1단계랑 공격력 끼고잇는데 공퍼가 더좋을까요? 공퍼 10퍼까진나오던뎅,"['단', '활', '나오', '큐브뭘', '맞추', '공', '속', '단계', '공격력', '끼', '잇', '데', '공', '퍼', '좋', '퍼', '10퍼', '나오']",True,장비_아이템,1.0,,gemini
Y55mNGMowDw,레테 키우는중인데 키캡각인가ㅋㅋㅋ,0,2026-07-28 17:59:16+00:00,레테 키우는중인데 키캡각인가ㅋㅋㅋ,레테 키우는중인데 키캡각인가ㅋㅋ,"['레테', '키우', '중', '키캡각']",True,직업_캐릭터,0.9,,gemini
WD11kJwi7qk,지금 시작한다면...괜찮을까요? 아님 다음 버닝을 기다려야할지요 ㅠ,1,2026-07-28 16:14:51+00:00,지금 시작한다면...괜찮을까요? 아님 다음 버닝을 기다려야할지요 ㅠ,지금 시작한다면 괜찮을까요? 아님 다음 버닝을 기다려야할지요 ㅠ,"['시작', '괜찮', '다음', '버닝', '기다리']",True,육성_레벨링,1.0,,gemini
xLPWWv_-gwI,안깨지는데 뭐져,0,2026-07-28 15:00:17+00:00,안깨지는데 뭐져,안깨지는데 뭐져,['깨지'],True,시스템,0.95,,gemini
xLPWWv_-gwI,선생님 3-10 이거 막힌건가요 못깨게,0,2026-07-28 12:46:29+00:00,선생님 3-10 이거 막힌건가요 못깨게,선생님 3 10 이거 막힌건가요 못깨게,"['선생', '막히', '거', '깨']",True,보스,0.9,,gemini
xLPWWv_-gwI,이거 천천히 하면 다 못얻음? 왤케 다들 최소컷 빠르게 하는법이 올라오는거임? 다들 너무 열심히하는 것같아서 좀 걱정이네,1,2026-07-28 10:45:30+00:00,이거 천천히 하면 다 못얻음? 왤케 다들 최소컷 빠르게 하는법이 올라오는거임? 다들 너무 열심히하는 것같아서 좀 걱정이네,이거 천천히 하면 다 못얻음? 왤케 다들 최소컷 빠르게 하는법이 올라오는거임? 다들 너무 열심히하는 것같아서 좀 걱정이네,"['하', '얻', '하', '최소', '컷', '빠르', '하', '법', '올라오', '거', '다', '하', '것', '같', '걱정']",True,기타,0.8,,gemini
xLPWWv_-gwI,33 32 21인데도 안깨지네,0,2026-07-28 10:36:07+00:00,33 32 21인데도 안깨지네,33 32 21인데도 안깨지네,['깨지'],True,보스,0.9,,gemini
xLPWWv_-gwI,잠재는 각각 뭐가야되나요?,0,2026-07-28 09:56:59+00:00,잠재는 각각 뭐가야되나요?,잠재는 각각 뭐가야되나요?,"['잠재', '가', '되']",True,장비_아이템,1.0,,gemini
Y55mNGMowDw,메이린 레테말고 BGM키링은 까먹었나....,0,2026-07-28 06:04:34+00:00,메이린 레테말고 BGM키링은 까먹었나....,메이린 레테말고 BGM키링은 까먹었나,"['메이', '린', '레', '테', '말', '키', '링', '까먹']",True,기타,0.9,,gemini
Y55mNGMowDw,챵섭아 왜 전사무기 30렙이되도록 2렙만 끼고있게만든거냐 사과보상 줘라 빡치니까,0,2026-07-28 04:57:13+00:00,챵섭아 왜 전사무기 30렙이되도록 2렙만 끼고있게만든거냐 사과보상 줘라 빡치니까,챵섭아 왜 전사무기 30렙이되도록 2렙만 끼고있게만든거냐 사과보상 줘라 빡치니까,"['챵섭', '전사무기', '30렙', '되', '2렙', '끼', '만들', '거', '사과', '보상', '주', '치']",True,기타,0.8,,gemini
Y55mNGMowDw,마일리지샵에서 산 리턴스크롤 팔수있나요?,0,2026-07-28 04:56:51+00:00,마일리지샵에서 산 리턴스크롤 팔수있나요?,마일리지샵에서 산 리턴스크롤 팔수있나요?,"['마일리지', '샵', '사', '리턴', '스크롤', '팔', '수', '있']",True,기타,0.95,,gemini
Y55mNGMowDw,배리나 나올때 되지 않았나 언제 나오지,0,2026-07-28 04:56:31+00:00,배리나 나올때 되지 않았나 언제 나오지,배리나 나올때 되지 않았나 언제 나오지,"['배', '리', '나오', '때', '되', '나오']",True,이벤트,0.95,,gemini
Y55mNGMowDw,저거 굿즈들 한정인가...?,1,2026-07-28 03:43:43+00:00,저거 굿즈들 한정인가...?,저거 굿즈들 한정인가 ?,"['굿즈', '한정']",True,기타,0.95,,gemini
Y55mNGMowDw,보스코인얻는 현상금미션은 연습모드도 인정되나요? 아님 찐모만 인정되는건가요?,1,2026-07-28 03:11:16+00:00,보스코인얻는 현상금미션은 연습모드도 인정되나요? 아님 찐모만 인정되는건가요?,보스코인얻는 현상금미션은 연습모드도 인정되나요? 아님 찐모만 인정되는건가요?,"['보스', '코인', '얻', '현상금', '미션', '연습', '모드', '인정', '찐모', '인정', '거']",True,보스,1.0,,gemini
xLPWWv_-gwI,이렇게까지...?,0,2026-07-27 15:42:13+00:00,이렇게까지...?,이렇게까지 ?,['이렇'],True,기타,0.8,,gemini
xLPWWv_-gwI,법사템이 4단계 먼저 되는건 무슨 코드인가? 죄다 법사템부터 4단계찍고 시작하네~ 궁수 레벨이 33인데 아직도 3단계인데...ㅜㅜ,2,2026-07-27 15:23:05+00:00,법사템이 4단계 먼저 되는건 무슨 코드인가? 죄다 법사템부터 4단계찍고 시작하네~ 궁수 레벨이 33인데 아직도 3단계인데...ㅜㅜ,법사템이 4단계 먼저 되는건 무슨 코드인가? 죄다 법사템부터 4단계찍고 시작하네 궁수 레벨이 33인데 아직도 3단계인데 ㅜㅜ,"['법사템', '단계', '되', '거', '코드', '법사템', '단계', '찍', '시작', '궁수', '레벨', '단계']",True,장비_아이템,0.95,,gemini
xLPWWv_-gwI,이렇게 까지 하는 이유가 대체 뭔가요 방치만 해도 보상 다 받는 거 아녔어?,0,2026-07-27 14:50:58+00:00,이렇게 까지 하는 이유가 대체 뭔가요 방치만 해도 보상 다 받는 거 아녔어?,이렇게 까지 하는 이유가 대체 뭔가요 방치만 해도 보상 다 받는 거 아녔어?,"['이렇', '하', '이유', '방치', '하', '보상', '받', '거']",True,기타,0.95,,gemini
xLPWWv_-gwI,전사 디바이드 개짧던데 오라 -> 디바이드로 오라 딜레이동안 한마리라도 더 땡겨서 때리는게 이득아님?? 난 이렇게 했는데 디바이드 앞이 우선이라고????,0,2026-07-27 14:29:33+00:00,전사 디바이드 개짧던데 오라 -> 디바이드로 오라 딜레이동안 한마리라도 더 땡겨서 때리는게 이득아님?? 난 이렇게 했는데 디바이드 앞이 우선이라고????,전사 디바이드 개짧던데 오라 디바이드로 오라 딜레이동안 한마리라도 더 땡겨서 때리는게 이득아님?? 난 이렇게 했는데 디바이드 앞이 우선이라고??,"['전사', '디바이드', '개', '짧', '데', '오', '디바이드', '오', '하', '딜레이', '동안', '마리', '땡기', '때리', '것', '이득', '이렇', '하', '디바이드', '앞', '우선']",True,사냥,0.95,,gemini
xLPWWv_-gwI,이렇게까지 해야되는거야…?,0,2026-07-27 12:37:06+00:00,이렇게까지 해야되는거야…?,이렇게까지 해야되는거야 ?,"['이렇', '하', '되', '거']",True,기타,0.8,,gemini
xLPWWv_-gwI,"궁금한게  전사 스킬 순서에서
디바이드 먼저 하니까   오라가 쿨 밀림있는데 괜찮나요?
그리고 전사 디바이드가   법사 플레임처럼 범위가좁네요",0,2026-07-27 12:28:37+00:00,"궁금한게  전사 스킬 순서에서
디바이드 먼저 하니까   오라가 쿨 밀림있는데 괜찮나요?
그리고 전사 디바이드가   법사 플레임처럼 범위가좁네요",궁금한게 전사 스킬 순서에서 디바이드 먼저 하니까 오라가 쿨 밀림있는데 괜찮나요? 그리고 전사 디바이드가 법사 플레임처럼 범위가좁네요,"['궁금하', '것', '전사', '스킬', '순서', '디바이드', '하', '오라', '쿨', '밀림', '있', '괜찮', '전사', '디바이드', '법사', '플레임', '범위', '좁']",True,스킬_6차,0.95,,gemini
xLPWWv_-gwI,하는데 계속 법사가 궁수 앞으로감...,0,2026-07-27 11:57:47+00:00,하는데 계속 법사가 궁수 앞으로감...,하는데 계속 법사가 궁수 앞으로감,"['하', '법사', '궁수', '앞', '가']",True,시스템,0.8,,gemini
xLPWWv_-gwI,왜...방치형인데 이렇게까지 하는 건데...,0,2026-07-27 11:42:21+00:00,왜...방치형인데 이렇게까지 하는 건데...,왜 방치형인데 이렇게까지 하는 건데,"['방치', '이렇', '하', '거']",True,기타,0.9,,gemini
xLPWWv_-gwI,난 왜 궁수 장비 만 4렙 3개지?,0,2026-07-27 10:53:39+00:00,난 왜 궁수 장비 만 4렙 3개지?,난 왜 궁수 장비 만 4렙 3개지?,"['궁수', '장비', '렙', '개']",True,장비_아이템,0.9,,gemini
xLPWWv_-gwI,"그냥 방치형이면 냅두겠는데 창섭이형이 보상 싹다 받으려면 좀 해야한다고 하지 않았음? 그것때문에 다들 최대한 빨리 보상 다 챙기고 신경쓸거 줄이려고 난리인거 같은데
합성 법사템만 주구장창 나와서 전/궁 2928 인데 4티어 장비 1개씩 끼고있고 법사는 13인데 4티어 장비 2개 들고있음 확률 이거 맞음? ㅅㅂ",0,2026-07-27 10:51:19+00:00,"그냥 방치형이면 냅두겠는데 창섭이형이 보상 싹다 받으려면 좀 해야한다고 하지 않았음? 그것때문에 다들 최대한 빨리 보상 다 챙기고 신경쓸거 줄이려고 난리인거 같은데
합성 법사템만 주구장창 나와서 전/궁 2928 인데 4티어 장비 1개씩 끼고있고 법사는 13인데 4티어 장비 2개 들고있음 확률 이거 맞음? ㅅㅂ",그냥 방치형이면 냅두겠는데 창섭이형이 보상 싹다 받으려면 좀 해야한다고 하지 않았음? 그것때문에 다들 최대한 빨리 보상 다 챙기고 신경쓸거 줄이려고 난리인거 같은데 합성 법사템만 주구장창 나와서 전 궁 2928 인데 4티어 장비 1개씩 끼고있고 법사는 13인데 4티어 장비 2개 들고있음 확률 이거 맞음? ㅅㅂ,"['방치', '냅두', '창섭', '형', '보상', '받', '하', '하', '때문', '보상', '챙기', '신경', '쓰', '거', '줄이', '난리', '거', '같', '합성', '법사템', '구장', '창', '나오', '전', '궁', '티', '어', '장비', '개', '끼', '법사', '티', '어', '장비', '개', '들', '확률', '맞']",True,기타,0.9,,gemini
xLPWWv_-gwI,3:00 왜이렇게 빨리죽나요!!!!,0,2026-07-27 10:42:49+00:00,3:00 왜이렇게 빨리죽나요!!!!,3 00 왜이렇게 빨리죽나요,"['이렇', '죽']",True,보스,0.95,,gemini
xLPWWv_-gwI,장비  3티어가 계속 똑같은것만 나오는데 버그 아니냐고~~~~,2,2026-07-27 09:58:51+00:00,장비  3티어가 계속 똑같은것만 나오는데 버그 아니냐고~~~~,장비 3티어가 계속 똑같은것만 나오는데 버그 아니냐고,"['장비', '티', '어', '똑같', '것', '나오', '버그']",True,시스템,0.95,,gemini
xLPWWv_-gwI,난 템 1단계만 나와서 이제 4템 3개정도 합성해서 끼는데 4템 풀셋둘둘하는애들 뭐임,0,2026-07-27 09:44:15+00:00,난 템 1단계만 나와서 이제 4템 3개정도 합성해서 끼는데 4템 풀셋둘둘하는애들 뭐임,난 템 1단계만 나와서 이제 4템 3개정도 합성해서 끼는데 4템 풀셋둘둘하는애들 뭐임,"['터', '단계', '나오', '터', '개', '정도', '합성', '끼', '데', '터', '풀셋', '하', '애']",True,장비_아이템,0.95,,gemini
xLPWWv_-gwI,이게 이런 게임이었어..?,0,2026-07-27 09:14:11+00:00,이게 이런 게임이었어..?,이게 이런 게임이었어 ?,['게임'],True,기타,0.9,,gemini
xLPWWv_-gwI,1-7 1분30초 방치 장비 합성만 하면 한달뒤에 마스터 가능?,0,2026-07-27 08:43:18+00:00,1-7 1분30초 방치 장비 합성만 하면 한달뒤에 마스터 가능?,1 7 1분30초 방치 장비 합성만 하면 한달뒤에 마스터 가능?,"['분', '초', '방치', '장비', '합성', '하', '달', '뒤', '마스터', '가능']",True,육성_레벨링,0.95,,gemini
xLPWWv_-gwI,31 32렙되니까 오히려 2-10 독이 너무빨리나와서 안깨지는데요...,0,2026-07-27 08:41:46+00:00,31 32렙되니까 오히려 2-10 독이 너무빨리나와서 안깨지는데요...,31 32렙되니까 오히려 2 10 독이 너무빨리나와서 안깨지는데요,"['렙', '독', '나오', '깨지']",True,시스템,0.95,,gemini
xLPWWv_-gwI,"와 개하기싫네
그냥 렙빨로 2-10은 안밀리려나",0,2026-07-27 08:38:44+00:00,"와 개하기싫네
그냥 렙빨로 2-10은 안밀리려나",와 개하기싫네 그냥 렙빨로 2 10은 안밀리려나,"['개', '하', '싫', '렙빨', '밀리']",True,보스,0.8,,gemini
xLPWWv_-gwI,"어이 주인장,
3-6 공략이나 올려달라구",0,2026-07-27 08:32:03+00:00,"어이 주인장,
3-6 공략이나 올려달라구",어이 주인장 3 6 공략이나 올려달라구,"['주인장', '공략', '올리']",True,보스,0.95,,gemini
xLPWWv_-gwI,샤갈 방치라면서 뭐 이벤트 끝나기 일주일전까지 템 파밍 합성하다 깨라는거야 뭐야 ㅋㅌㅋㅋㅋㅋㅋㅋㅋ,1,2026-07-27 08:07:06+00:00,샤갈 방치라면서 뭐 이벤트 끝나기 일주일전까지 템 파밍 합성하다 깨라는거야 뭐야 ㅋㅌㅋㅋㅋㅋㅋㅋㅋ,샤갈 방치라면서 뭐 이벤트 끝나기 일주일전까지 템 파밍 합성하다 깨라는거야 뭐야 ㅋㅌㅋㅋ,"['샤갈', '방치', '이벤트', '끝나', '일주일', '전', '템', '파밍', '합성', '깨', '거']",True,이벤트,0.8,,gemini
xLPWWv_-gwI,공두줄vs공퍼한줄 뭐가더 좋나요?,0,2026-07-27 08:04:42+00:00,공두줄vs공퍼한줄 뭐가더 좋나요?,공두줄vs공퍼한줄 뭐가더 좋나요?,"['줄', '공', '푸', '줄', '좋']",True,장비_아이템,1.0,,gemini
xLPWWv_-gwI,방치형 이라매!!!!!!!!!!!!!!!,1,2026-07-27 07:52:49+00:00,방치형 이라매!!!!!!!!!!!!!!!,방치형 이라매,"['방치', '하']",True,기타,0.8,,gemini
xLPWWv_-gwI,방치라며 왜 이러는건데 ㅋㅋㅋㅋㅋㅋㅋㅋㅋ,2,2026-07-27 07:51:02+00:00,방치라며 왜 이러는건데 ㅋㅋㅋㅋㅋㅋㅋㅋㅋ,방치라며 왜 이러는건데 ㅋㅋ,"['방치', '이러', '거']",True,시스템,0.8,,gemini
xLPWWv_-gwI,1-10 못깨는데 어떻게 깨야되요?,0,2026-07-27 07:39:39+00:00,1-10 못깨는데 어떻게 깨야되요?,1 10 못깨는데 어떻게 깨야되요?,"['깨', '어떻', '깨', '되']",True,보스,1.0,,gemini
xLPWWv_-gwI,방치겜을 왜이렇게 까지 하시는거죠?,1,2026-07-27 07:38:14+00:00,방치겜을 왜이렇게 까지 하시는거죠?,방치겜을 왜이렇게 까지 하시는거죠?,"['방치', '것', '이렇', '하', '거']",True,기타,0.9,,gemini
xLPWWv_-gwI,ㅋㅋㅋㅋㅋㅋㅌㅋㅋㅋ  이거 맞아요? ㅋㅋㅋ,0,2026-07-27 07:34:30+00:00,ㅋㅋㅋㅋㅋㅋㅌㅋㅋㅋ  이거 맞아요? ㅋㅋㅋ,ㅋㅋㅌㅋㅋ 이거 맞아요? ㅋㅋ,['맞'],True,기타,0.8,,gemini
Q-b20FJZ0jQ,18:40 여기 브금 이름 뭔가요 ㅠㅠ 너무좋아요,0,2026-07-27 07:19:44+00:00,18:40 여기 브금 이름 뭔가요 ㅠㅠ 너무좋아요,18 40 여기 브금 이름 뭔가요 ㅠㅠ 너무좋아요,"['브금', '이름', '좋']",True,기타,0.95,,gemini
xLPWWv_-gwI,4레벨 장비만들어도 계속 활만 뜨는데 이거도 확률조작있냐,1,2026-07-27 07:18:04+00:00,4레벨 장비만들어도 계속 활만 뜨는데 이거도 확률조작있냐,4레벨 장비만들어도 계속 활만 뜨는데 이거도 확률조작있냐,"['레벨', '장비', '들', '활', '뜨', '확률', '조작', '있']",True,장비_아이템,0.95,,gemini
xLPWWv_-gwI,"폭시 단독 딜인데 평딜은 범위딜이고
차라리 버프가 낫지않나?",0,2026-07-27 07:05:39+00:00,"폭시 단독 딜인데 평딜은 범위딜이고
차라리 버프가 낫지않나?",폭시 단독 딜인데 평딜은 범위딜이고 차라리 버프가 낫지않나?,"['폭시', '단독', '딜', '평', '딜', '범위', '딜', '버프', '낫']",True,직업_캐릭터,0.9,,gemini
xLPWWv_-gwI,아니 이거 그냥 솔에르다랑 조각 먹는거 아님?? 이렇게 까지 깎아야해...?,2,2026-07-27 07:05:18+00:00,아니 이거 그냥 솔에르다랑 조각 먹는거 아님?? 이렇게 까지 깎아야해...?,아니 이거 그냥 솔에르다랑 조각 먹는거 아님?? 이렇게 까지 깎아야해 ?,"['솔에르다랑', '조각', '먹', '거', '이렇', '깎']",True,스킬_6차,0.8,,gemini
xLPWWv_-gwI,진짜 몰라서 그러는데 이거 방치해놓으면 안되는건가요???,2,2026-07-27 06:35:31+00:00,진짜 몰라서 그러는데 이거 방치해놓으면 안되는건가요???,진짜 몰라서 그러는데 이거 방치해놓으면 안되는건가요??,"['모르', '그러', '방치', '되', '거']",True,기타,0.9,,gemini
xLPWWv_-gwI,후반부는 전사템 공격력말고 체력이 좋나요?,0,2026-07-27 06:28:34+00:00,후반부는 전사템 공격력말고 체력이 좋나요?,후반부는 전사템 공격력말고 체력이 좋나요?,"['후반부', '전사템', '공격력', '말', '체력', '좋']",True,장비_아이템,0.95,,gemini
xLPWWv_-gwI,어차피 미장착으로두나 힐을 껴두나 무슨 차이가 있길래 빼놓는게 더 빠르다는거에요?,0,2026-07-27 06:24:52+00:00,어차피 미장착으로두나 힐을 껴두나 무슨 차이가 있길래 빼놓는게 더 빠르다는거에요?,어차피 미장착으로두나 힐을 껴두나 무슨 차이가 있길래 빼놓는게 더 빠르다는거에요?,"['장착', '두', '힐', '끼', '차이', '있', '빼', '것', '빠르', '거']",True,시스템,0.95,,gemini
xLPWWv_-gwI,방치형으로 만들었는데 왜 이렇게까지 하는거야.........,44,2026-07-27 06:13:09+00:00,방치형으로 만들었는데 왜 이렇게까지 하는거야.........,방치형으로 만들었는데 왜 이렇게까지 하는거야,"['방치', '만들', '이렇', '하', '거']",True,기타,0.9,,gemini
WD11kJwi7qk,보마는 별로 인가요??ㅜ,1,2026-07-27 02:57:47+00:00,보마는 별로 인가요??ㅜ,보마는 별로 인가요??ㅜ,['보마'],True,직업_캐릭터,1.0,,gemini
Kf3X8XakvHk,방어구 5단계 넘어오면서 방어력 확 올랐는데 잠재 방어력 괜찮지 않을까여,0,2026-07-26 19:53:07+00:00,방어구 5단계 넘어오면서 방어력 확 올랐는데 잠재 방어력 괜찮지 않을까여,방어구 5단계 넘어오면서 방어력 확 올랐는데 잠재 방어력 괜찮지 않을까여,"['방어', '구', '단계', '넘어오', '방어력', '오르', '잠재', '방어력', '괜찮']",True,장비_아이템,0.95,,gemini
LwHvINCLuvI,하이퍼버닝 삭제하면 새로 보상받을수있는줄 알고 다 받고 삭제해버렸는데 이퍼버닝 1개 더 안주겟죠?,1,2026-07-26 16:44:21+00:00,하이퍼버닝 삭제하면 새로 보상받을수있는줄 알고 다 받고 삭제해버렸는데 이퍼버닝 1개 더 안주겟죠?,하이퍼버닝 삭제하면 새로 보상받을수있는줄 알고 다 받고 삭제해버렸는데 이퍼버닝 1개 더 안주겟죠?,"['하이퍼버닝', '삭제', '보상', '받', '수', '있', '줄', '알', '받', '삭제', '이퍼버닝', '개', '주']",True,이벤트,0.95,,gemini
f92dfu0biJI,현질 안하고 해보려고 하는데요~,0,2026-07-26 15:30:23+00:00,현질 안하고 해보려고 하는데요~,현질 안하고 해보려고 하는데요,"['현지', '하', '하']",True,육성_레벨링,0.9,,gemini
jfmHPZofrFI,월요일부터 시작해도 안늦나요…?,0,2026-07-26 15:12:25+00:00,월요일부터 시작해도 안늦나요…?,월요일부터 시작해도 안늦나요 ?,"['월요일', '시작', '늦']",True,이벤트,0.95,,gemini
WD11kJwi7qk,잼이님 트와일라이트 마크를 사긴했는데 유니크로는 어떻게 만드나요? 제가 뉴비라 잘 모르는데 챌린저스 샵에서 메멘토 골드 큐브로 그냥 등업시도하면 되나요?,1,2026-07-26 14:54:27+00:00,잼이님 트와일라이트 마크를 사긴했는데 유니크로는 어떻게 만드나요? 제가 뉴비라 잘 모르는데 챌린저스 샵에서 메멘토 골드 큐브로 그냥 등업시도하면 되나요?,잼이님 트와일라이트 마크를 사긴했는데 유니크로는 어떻게 만드나요? 제가 뉴비라 잘 모르는데 챌린저스 샵에서 메멘토 골드 큐브로 그냥 등업시도하면 되나요?,"['잼', '트와일', '라이트', '마크', '사', '유니크', '어떻', '만들', '뉴비', '모르', '챌린저스', '샵', '메멘토', '골드', '큐브', '등', '업', '시도', '되']",True,장비_아이템,1.0,,gemini
jfmHPZofrFI,추가 메소 배율은 뭔가요 ??,1,2026-07-26 07:01:35+00:00,추가 메소 배율은 뭔가요 ??,추가 메소 배율은 뭔가요 ??,"['추가', '메소', '배율']",True,시스템,0.95,,gemini
Kf3X8XakvHk,그럼 궁수 장갑은 공격력 뽑아야 하나요,0,2026-07-26 04:22:09+00:00,그럼 궁수 장갑은 공격력 뽑아야 하나요,그럼 궁수 장갑은 공격력 뽑아야 하나요,"['궁수', '장갑', '공격력', '뽑']",True,장비_아이템,1.0,,gemini
OgDvqNAM4ts,2026겨울하이퍼버닝 직업추천 top5영상도 부탁드려요.,1,2026-07-26 04:02:08+00:00,2026겨울하이퍼버닝 직업추천 top5영상도 부탁드려요.,2026겨울하이퍼버닝 직업추천 top5영상도 부탁드려요,"['겨울', '하이퍼', '버닝', '직업', '추천', '영상', '부탁드리']",True,직업_캐릭터,0.95,,gemini
jfmHPZofrFI,"저 궁금한게 있는데 스킬2칸이 뚫렸을때 궁수는 볼텍스랑 차지드를 쓰는게 좋나요
아님 볼텍스랑 폭시를 쓰는게 좋나요?",0,2026-07-26 03:07:43+00:00,"저 궁금한게 있는데 스킬2칸이 뚫렸을때 궁수는 볼텍스랑 차지드를 쓰는게 좋나요
아님 볼텍스랑 폭시를 쓰는게 좋나요?",저 궁금한게 있는데 스킬2칸이 뚫렸을때 궁수는 볼텍스랑 차지드를 쓰는게 좋나요 아님 볼텍스랑 폭시를 쓰는게 좋나요?,"['궁금하', '것', '있', '스킬', '칸', '뚫리', '때', '궁수', '볼텍스', '차지드', '쓰', '것', '좋', '볼텍스', '폭', '시', '쓰', '것', '좋']",True,스킬_6차,1.0,,gemini
jfmHPZofrFI,이렇게 까지 겜해야됌?? ;; 걍 막히는 사냥터 2단계 밑 사냥터에서 100초이내면 ㄱ 하면되는데,0,2026-07-25 17:02:52+00:00,이렇게 까지 겜해야됌?? ;; 걍 막히는 사냥터 2단계 밑 사냥터에서 100초이내면 ㄱ 하면되는데,이렇게 까지 겜해야됌?? 걍 막히는 사냥터 2단계 밑 사냥터에서 100초이내면 ㄱ 하면되는데,"['이렇', '것', '하', '되', '막히', '사냥터', '단계', '밑', '사냥터', '초', '이내', '하', '되']",True,사냥,0.9,,gemini
jfmHPZofrFI,경험치 퍼센트는 전사랑궁수 중 뭐로입력해야하나요,0,2026-07-25 15:25:26+00:00,경험치 퍼센트는 전사랑궁수 중 뭐로입력해야하나요,경험치 퍼센트는 전사랑궁수 중 뭐로입력해야하나요,"['경험치', '퍼센트', '전사', '궁수', '중', '입력', '하']",True,시스템,0.9,,gemini
jfmHPZofrFI,방치가 안된다 ㅡㅡ! 뭐냐 이거 ㅋㅋ,0,2026-07-25 15:08:00+00:00,방치가 안된다 ㅡㅡ! 뭐냐 이거 ㅋㅋ,방치가 안된다 ㅡㅡ 뭐냐 이거 ㅋㅋ,['방치'],True,시스템,0.95,,gemini
jfmHPZofrFI,본인의 레벨이 전사 레벨임 궁수 레벨임 합 나누기 2임 그 설명이 없네요 ㅠ,0,2026-07-25 14:39:41+00:00,본인의 레벨이 전사 레벨임 궁수 레벨임 합 나누기 2임 그 설명이 없네요 ㅠ,본인의 레벨이 전사 레벨임 궁수 레벨임 합 나누기 2임 그 설명이 없네요 ㅠ,"['본인', '레벨', '전사', '레벨', '궁수', '레벨', '합', '나누', '설명', '없']",True,기타,0.95,,gemini
jfmHPZofrFI,아 출장때뮨에 4일 접속 못해서 오늘시작햇는데도 보상 다 받을수있겠죠?,0,2026-07-25 14:17:49+00:00,아 출장때뮨에 4일 접속 못해서 오늘시작햇는데도 보상 다 받을수있겠죠?,아 출장때뮨에 4일 접속 못해서 오늘시작햇는데도 보상 다 받을수있겠죠?,"['출장때뮨', '일', '접속', '하', '시작', '보상', '받', '수', '있']",True,이벤트,0.95,,gemini
jfmHPZofrFI,"아하 그러니까 대다수의 던전을 새로 돌아서 클탐을 갱신한다음 기입해야한다고?😊
귀찮으니까 그냥 최고렙 사냥터 무한반복😂
미니겜이면 미니겜답게 좀 간단하고 쉽게 가자",0,2026-07-25 14:10:27+00:00,"아하 그러니까 대다수의 던전을 새로 돌아서 클탐을 갱신한다음 기입해야한다고?😊
귀찮으니까 그냥 최고렙 사냥터 무한반복😂
미니겜이면 미니겜답게 좀 간단하고 쉽게 가자",아하 그러니까 대다수의 던전을 새로 돌아서 클탐을 갱신한다음 기입해야한다고? 귀찮으니까 그냥 최고렙 사냥터 무한반복 미니겜이면 미니겜답게 좀 간단하고 쉽게 가자,"['대다수', '던전', '돌', '크', '탐', '갱신', '다음', '기입', '귀찮', '최고렙', '사냥터', '무한', '반복', '미니겜', '미니겜', '쉽', '가']",True,시스템,0.9,,gemini
jfmHPZofrFI,메소배율이 골드획득량 인가요?,0,2026-07-25 13:56:01+00:00,메소배율이 골드획득량 인가요?,메소배율이 골드획득량 인가요?,"['메소', '배율', '골드', '획득', '량']",True,시스템,1.0,,gemini
jfmHPZofrFI,레벨이 전사레벨이냐고 빨리 급하다고,0,2026-07-25 13:21:45+00:00,레벨이 전사레벨이냐고 빨리 급하다고,레벨이 전사레벨이냐고 빨리 급하다고,"['레벨', '전사', '레벨', '급하']",True,육성_레벨링,0.85,,gemini
jfmHPZofrFI,현재 레벨은 전사+궁수 레벨인가요 아니면 전사 레벨만 입력하는건가요,1,2026-07-25 13:05:19+00:00,현재 레벨은 전사+궁수 레벨인가요 아니면 전사 레벨만 입력하는건가요,현재 레벨은 전사 궁수 레벨인가요 아니면 전사 레벨만 입력하는건가요,"['레벨', '전사', '궁수', '레벨', '전사', '레벨', '입력', '거']",True,시스템,0.95,,gemini
jfmHPZofrFI,메소 배율이 어딧어여 닌ㅁ들? ㅠㅠ,1,2026-07-25 12:17:08+00:00,메소 배율이 어딧어여 닌ㅁ들? ㅠㅠ,메소 배율이 어딧어여 닌ㅁ들? ㅠㅠ,"['메소', '배율', '어딧어여', '들']",True,시스템,0.95,,gemini
Kf3X8XakvHk,잠재 능력 어떻게해란소린지모르겠는데 알려주실분 이해가안댐 ㅜㅜ,0,2026-07-25 11:55:51+00:00,잠재 능력 어떻게해란소린지모르겠는데 알려주실분 이해가안댐 ㅜㅜ,잠재 능력 어떻게해란소린지모르겠는데 알려주실분 이해가안댐 ㅜㅜ,"['잠재', '능력', '어떻', '하', '소리', '모르', '알리', '분', '이해', '대']",True,장비_아이템,1.0,,gemini
jfmHPZofrFI,근데 나만 3단계 마법사 탬만 나옴 ?!?!?!,0,2026-07-25 11:12:07+00:00,근데 나만 3단계 마법사 탬만 나옴 ?!?!?!,근데 나만 3단계 마법사 탬만 나옴 ? ? ?,"['단계', '마법사', '탬', '나오']",True,기타,0.8,,gemini
jfmHPZofrFI,"그냥 메이플로드처럼 닉네임
검색하면 알아서 계산해주면 안되는거임?",0,2026-07-25 11:02:09+00:00,"그냥 메이플로드처럼 닉네임
검색하면 알아서 계산해주면 안되는거임?",그냥 메이플로드처럼 닉네임 검색하면 알아서 계산해주면 안되는거임?,"['메이플로드', '닉네임', '검색', '알', '계산', '되', '거']",True,시스템,0.95,,gemini
Kf3X8XakvHk,제논 제네시스무기를 해적셋으로 받았는데 도적셋이랑 큰차이 안나죠??,0,2026-07-25 10:01:22+00:00,제논 제네시스무기를 해적셋으로 받았는데 도적셋이랑 큰차이 안나죠??,제논 제네시스무기를 해적셋으로 받았는데 도적셋이랑 큰차이 안나죠??,"['제논', '제네시스', '무기', '해적', '받', '도적', '크', '차이', '나']",True,장비_아이템,0.95,,gemini
Kf3X8XakvHk,여태까지조합을몇번을햇는더 지금1-9도전중아데다른장비는3렙도잇는데 전사 무기가 1단계임 아직도2단계도햐번도안뜸 버그아님ㅅㅂ?,0,2026-07-25 08:49:50+00:00,여태까지조합을몇번을햇는더 지금1-9도전중아데다른장비는3렙도잇는데 전사 무기가 1단계임 아직도2단계도햐번도안뜸 버그아님ㅅㅂ?,여태까지조합을몇번을햇는더 지금1 9도전중아데다른장비는3렙도잇는데 전사 무기가 1단계임 아직도2단계도햐번도안뜸 버그아님ㅅㅂ?,"['조합', '번', '하', '지', '금', '전중', '아', '데', '장비', '렙', '잇', '전사', '무기', '단계', '단계', '번', '뜸', '버그']",True,시스템,0.95,,gemini
Kf3X8XakvHk,진짜 진짜 진짜 진짜 진짜!!!!!!!!!!!!!!! 맑음님 제논 루티 타격점 이펙트좀 어떻게 안되나요??? 포톤레이는 상관 없는데 평타 루티 조준점 이펙트 이건 진짜 스킬 이펙트 다 꺼놔도 선명하게 보여서 보스 패턴이 전혀 보이질 않는데 방법이 없나요?,0,2026-07-25 08:08:07+00:00,진짜 진짜 진짜 진짜 진짜!!!!!!!!!!!!!!! 맑음님 제논 루티 타격점 이펙트좀 어떻게 안되나요??? 포톤레이는 상관 없는데 평타 루티 조준점 이펙트 이건 진짜 스킬 이펙트 다 꺼놔도 선명하게 보여서 보스 패턴이 전혀 보이질 않는데 방법이 없나요?,진짜 진짜 진짜 진짜 진짜 맑음님 제논 루티 타격점 이펙트좀 어떻게 안되나요?? 포톤레이는 상관 없는데 평타 루티 조준점 이펙트 이건 진짜 스킬 이펙트 다 꺼놔도 선명하게 보여서 보스 패턴이 전혀 보이질 않는데 방법이 없나요?,"['맑음', '제논', '루티', '타격점', '이펙트', '어떻', '되', '포톤레이', '상관', '없', '데', '평타', '루티', '조준점', '이펙트', '스킬', '이펙트', '끄', '선명', '보이', '보스', '패턴', '보이', '방법', '없']",True,시스템,0.95,,gemini
XZBgcl-FPyk,"4배 풀도핑이 어떤 도핑 먹어야 하는건가요? 280인데 물자 지원 어느 사냥터가서 받아야 제일 효율 좋을까요,,",0,2026-07-25 06:24:49+00:00,"4배 풀도핑이 어떤 도핑 먹어야 하는건가요? 280인데 물자 지원 어느 사냥터가서 받아야 제일 효율 좋을까요,,",4배 풀도핑이 어떤 도핑 먹어야 하는건가요? 280인데 물자 지원 어느 사냥터가서 받아야 제일 효율 좋을까요,"['배', '풀', '도핑', '도핑', '먹', '거', '물자', '지원', '사냥터', '가', '받', '효율', '좋']",True,사냥,0.95,,gemini
Q-b20FJZ0jQ,에르다 파운틴이 뭐죠?,0,2026-07-25 06:00:37+00:00,에르다 파운틴이 뭐죠?,에르다 파운틴이 뭐죠?,"['에르다', '파운틴']",True,스킬_6차,1.0,,gemini
6bLaTCHm-8A,그니까 에픽던전 1단계 할 돈으로 쌀팔이 해서 모멘텀 사는 게 나을 정도인 거죠?,0,2026-07-25 03:48:55+00:00,그니까 에픽던전 1단계 할 돈으로 쌀팔이 해서 모멘텀 사는 게 나을 정도인 거죠?,그니까 에픽던전 1단계 할 돈으로 쌀팔이 해서 모멘텀 사는 게 나을 정도인 거죠?,"['에픽던전', '1단계', '하', '돈', '쌀', '팔', '이', '모멘텀', '사', '것', '낫', '정도', '거']",True,재화_경제,0.9,,gemini
Kf3X8XakvHk,핑콩 깨도 계속 1-7돌아야되는건가,1,2026-07-25 03:08:29+00:00,핑콩 깨도 계속 1-7돌아야되는건가,핑콩 깨도 계속 1 7돌아야되는건가,"['핑', '콩', '깨', '돌', '되', '거']",True,보스,0.95,,gemini
1cljEsT6jck,2스테 공략을.. 어서.. 커헉,0,2026-07-24 23:07:25+00:00,2스테 공략을.. 어서.. 커헉,2스테 공략을 어서 커헉,"['스테', '공략']",True,보스,0.95,,gemini
Kf3X8XakvHk,"혹시 저만 중복떠서 법사 3등급 다 맞춰주고 전사랑 궁수는 2,3 등급 섞여있는데 4등급 템 놀고 있나요..?",0,2026-07-24 19:02:15+00:00,"혹시 저만 중복떠서 법사 3등급 다 맞춰주고 전사랑 궁수는 2,3 등급 섞여있는데 4등급 템 놀고 있나요..?",혹시 저만 중복떠서 법사 3등급 다 맞춰주고 전사랑 궁수는 2 3 등급 섞여있는데 4등급 템 놀고 있나요 ?,"['중복', '뜨', '법사', '등급', '맞추', '사랑', '궁', '수', '등급', '섞이', '등급', '템', '놀']",True,장비_아이템,0.95,,gemini
6bLaTCHm-8A,썬데이 몬파가 스페셜 썬데이 기준인가요? 아니면 그냥 일요일?,0,2026-07-24 18:52:24+00:00,썬데이 몬파가 스페셜 썬데이 기준인가요? 아니면 그냥 일요일?,썬데이 몬파가 스페셜 썬데이 기준인가요? 아니면 그냥 일요일?,"['썬데이', '파', '스페셜', '썬', '데이', '기준', '일요일']",True,이벤트,1.0,,gemini
1-bqJRQ3XTs,레테 동전꼽이 있었어?,0,2026-07-24 16:20:22+00:00,레테 동전꼽이 있었어?,레테 동전꼽이 있었어?,"['레테', '동전꼽', '있']",True,기타,0.95,,gemini
Kf3X8XakvHk,전사 피격시 무적은 별로인가여?,0,2026-07-24 15:51:04+00:00,전사 피격시 무적은 별로인가여?,전사 피격시 무적은 별로인가여?,"['전사', '피격', '시', '적']",True,스킬_6차,0.95,,gemini
Kf3X8XakvHk,전사 스킬은 뭐쓰나요?,0,2026-07-24 15:48:42+00:00,전사 스킬은 뭐쓰나요?,전사 스킬은 뭐쓰나요?,"['전사', '스킬', '쓰']",True,스킬_6차,0.95,,gemini
Kf3X8XakvHk,장비는 무조건 합성하는게 좋나요? 아니면 2단계는 다맞췄으면 파는게 좋나요..?,0,2026-07-24 15:40:13+00:00,장비는 무조건 합성하는게 좋나요? 아니면 2단계는 다맞췄으면 파는게 좋나요..?,장비는 무조건 합성하는게 좋나요? 아니면 2단계는 다맞췄으면 파는게 좋나요 ?,"['장비', '조건', '합성', '것', '좋', '단계', '맞추', '파', '것', '좋']",True,장비_아이템,1.0,,gemini
Kf3X8XakvHk,1-7 입장컨은 효율이 어떤지도 구할 수 있나요 ?,0,2026-07-24 15:35:15+00:00,1-7 입장컨은 효율이 어떤지도 구할 수 있나요 ?,1 7 입장컨은 효율이 어떤지도 구할 수 있나요 ?,"['입장', '크', '효율', '어떻', '구하', '수', '있']",True,보스,0.95,,gemini
