title,category,views,question_intent
뉴비 템세팅 질문.....,아이템,166,가능·적정성
챌섭 지금 시점에서 뉴비가 검마 2~3인트라이하려면 어떤구인방법이 있을까요,기타,392,가능·적정성
샤타때 만들어버렸는데 이후 템셋 문의… 9-10만목표,아이템,675,우선순위
메린이 챌섭에서 사전리프 했다가 망했어요..,기타,3840,가능·적정성
뉴비 레테 해방무기 에디큐브,아이템,317,선택·추천
뉴비 헥사 질문있습니다,기타,243,선택·추천
메이플 아예 모르는 뉴비 질문드려봅니다,기타,352,기타 질문
대적자 코인 질문,아이템,199,기타 질문
선생님들 도와주세요!,아이템,222,문제 해결
형님들 해방무기 추옵..뭐가 더좋은지 한번만 봐주실수있나요?,아이템,320,선택·추천
챌섭 유입 렌 메린이 장비 좀 봐주실분,아이템,295,우선순위
뉴비 조언 부탁드립니다!!,아이템,204,가능·적정성
진짜 쌩 뉴비 질문이 있습니다,직업,264,우선순위
뉴비 다음 템 목표 좀 정해주십시요,아이템,235,방법·공략
형님들 엔버vs듀블vs윈브 본캐 추천좀해주십쇼,직업,284,선택·추천
챌섭 뉴비 제발 하메 템 한번만 봐주실분,아이템,439,우선순위
뉴비 감히 스펙업 질문 드립니다..,아이템,325,우선순위
엔버 챌섭에서 키우는 뉴비인데 유니온물약 질문이요,직업,205,기타 질문
템 방향성좀 물어봐도 될까요,아이템,290,우선순위
완전 생초보 뉴비 질문드립니다,아이템,300,우선순위
메린이 부캐 200작,퀘스트,364,기타 질문
챌섭 시작 3일차 뉴비 3만점 가능한가요,기타,356,우선순위
큐브 사용처 추천해주세요!!,아이템,270,선택·추천
옥션 포인트뭐예요?,기타,316,선택·추천
뉴비 에3앜5 템셋 질문이 있어요,아이템,803,기타 질문
메린이 노적자 180-200퍼 배율 템셋팅 조언 부탁드립니다.,아이템,326,우선순위
챌섭 뉴비 하드메이린 템진단 부탁드립니다.,아이템,399,우선순위
뉴비 남캐 추천부탁드립니다.,직업,278,선택·추천
매일 풀메 채우는 뉴비 템 계획 훈수좀;,기타,978,기타 질문
유챔 질문있습니다!,기타,241,가격·시세
약 20년만에 복귀 초뉴비 질문,아이템,428,가능·적정성
계정 삭제 후 본캐육성,기타,474,기타 질문
출석 보돌만 하다가 제대로 복귀해보려하는데 템셋 질문좀여,아이템,290,우선순위
유챔 하드 세렌급 보조 스펙 질문 있습니다!,아이템,402,선택·추천
뉴비 아버 템 대체질문,아이템,497,가능·적정성
선생님들 헥사환산 몇을 목표로 잡아야할까요?,아이템,698,우선순위
유니온 크뎀40개찍으려면 유니온 몇렙되야하나요???,기타,483,기타 질문
유입된 메린인 인데 이 이상 어떻게 스팩업을 해야할지 알려주세요!,아이템,367,우선순위
mvp작,기타,537,기타 질문
에테 18성 직작 vs 완작사기,아이템,5022,선택·추천
본캐 추천 부탁드리겠습니다....,직업,430,선택·추천
메린이 익스우 템세팅 질문,기타,501,가능·적정성
뉴비 하드메이린 찐모,몬스터,762,기타 질문
초저자본 메린이 첫 제네시스 잠재 질문,아이템,462,가격·시세
어제 시작한 뉴비 제네패스,기타,1294,우선순위
뉴비 루컨마 시세 문의 드립니다..!!!,아이템,466,가격·시세
메이플 늦은 유입 뉴비 현시점 제네패스 질러도 될까요?,기타,538,선택·추천
메린이 본캐 고민,직업,685,기타 질문
선생님들 이거 어떤 거 선택하면 좋을까요?,아이템,491,선택·추천
뉴비 쌍레보조 150억,아이템,3305,기타 질문
뉴비 50억으로 뭐해야 할 까요 ?,아이템,517,우선순위
메린이 하드메이린 잡으려면 어떻게 세팅해야 할까요…,아이템,419,우선순위
칠흑 아랫급에 별누르는건 요새 별로임?,아이템,1465,가격·시세
120억에 샀는데 ㄱㅊ은가요??,아이템,3878,가격·시세
안녕하세요 챌섭유입 뉴비입니다.,몬스터,444,가격·시세
"안녕하세요 메쌤, 메형님들 뉴비 질문 몇 가지만 해도 될까요?",기타,366,우선순위
메이플 쌩뉴비 질문드려요...,기타,362,방법·공략
챌섭 유입 메린이 템 진로 고민입니다 !!,아이템,364,선택·추천
챌섭에서 챌린저 찍은 뉴비인데,아이템,587,선택·추천
뉴비 진짜 이해안가는데 챌섭매물이요,시세,1664,가격·시세
복귀 뉴비 진짜 망했어요,기타,834,문제 해결
챌섭 뉴비 하드메이린 잡고싶은데 스펙업 질문,아이템,1091,우선순위
메이플 지금 복귀 괜찮음?,기타,842,가능·적정성
3일차 뭐해야할지 모르겠어요 메쌤들 좀 도와주세요,기타,450,우선순위
메쌤들 제네무기 잠재 선택 도와주세요,직업,415,선택·추천
자석펫 스카니아에 있으면 스카니아로 리프해야겠져?,기타,603,우선순위
카링 168배율인데 할만한가요,몬스터,651,기타 질문
검마 배율 181%인데 이거 잡히는거 맞나요..?,몬스터,1097,방법·공략
챌섭 블큐 화에큐 사용처 및 챌 달성 질문,아이템,588,가격·시세
메잘알 선배님들 질문,퀘스트,305,가격·시세
챌섭 쌩뉴비 여러 가지 질문 드립니다 !,기타,366,가격·시세
마도서 먹었는데 어쩌죠?,아이템,2540,기타 질문
메이플 챌섭 뉴비 아이템 추가 스펙업 질문합니다!,아이템,355,가격·시세
드랍셋,기타,359,가능·적정성
뉴비) 첫 해방 무기 세팅 방법 좀 알 수 잇을까요?!,아이템,389,가능·적정성
복귀 중고뉴비 대적자 코인 뭐에 써야할까요?,아이템,651,선택·추천
메이플 처음하는데 도와주실분..,기타,493,가격·시세
헥환 4.5 이후 템셋팅 질문.,아이템,677,우선순위
안녕하세요 메린이인데 질문있습니다.,기타,359,우선순위
[뉴비] 메짱이형님들 템진로 조언 부탁드립니다,아이템,261,우선순위
뉴비 콜 280억으로 세팅좀 해주실분 ㅠㅠ 메이린 잡고싶어요,아이템,458,가격·시세
메이플 대장장이 컨텐츠질문!,기타,1003,가격·시세
뉴비 제논 진로 방향 알려주실분,직업,414,우선순위
안녕하세요 이번에 처음 시작한 뉴비인데 리프할 서버 추천해주시면 감사합니다!,기타,477,선택·추천
찐뉴비 아란  60억 모았음.. 템셋 추천좀 해주십쇼,직업,724,선택·추천
제네무기 옵션 방향성좀 알려주세요...,아이템,330,우선순위
대적자큐브 사용처 질문,아이템,311,선택·추천
갓 2억단 뉴비 다음 스펙업 추천 부탁드립니다.,아이템,440,선택·추천
꼭 챌린저스나 하이퍼버닝으로 키워야 하나요 ?,기타,375,가능·적정성
찐뉴비좀 도와줘!!(렙이 안올라!!),기타,520,문제 해결
285 찍으면 어떤 링크부터 3레벨 찍어줘야 하나요??,기타,1051,우선순위
4여명 5칠흑으로 7~8만 될까요?,아이템,3089,우선순위
지난주에 챌섭 시작한 뉴비인데 제네시스 패스 사도 되나요?,아이템,611,가능·적정성
뉴비 템셋팅좀 도와주소.... 220억 있는데,아이템,1190,우선순위
진짜 찐 뉴비 템세팅,아이템,855,우선순위
뉴비 칠흑 질문있어요,아이템,401,우선순위
진짜 초보 메린이 질문있습니다,기타,415,선택·추천
뉴비가 모험미션 질문드리겠습니다!,퀘스트,319,가능·적정성
본캐를 올릴가요 버린 부캐를 살릴까요,아이템,510,선택·추천
안녕하세요 선생님들 템 진로 고견좀 여쭙습니다,아이템,349,선택·추천
뉴비 보조무기 질문,아이템,353,기타 질문
뉴비 칠흑셋 순서 질문있습니다!,아이템,638,우선순위
궁금해서 그러는데 유챔나온게 왜 다들 별로라는거야?,기타,677,문제 해결
펜던트 토드 질문있습니다..,기타,313,가능·적정성
스펙업 질문!,아이템,360,가능·적정성
복귀유저 템세팅 질문드립니다.,아이템,308,가격·시세
오리진가속,기타,541,기타 질문
저도 유튜브보면서 재획하고싶은데,기타,1076,기타 질문
안녕하세요 이번챌린져로 유입된 유저입니다,기타,406,기타 질문
이지 대적자가 안잡혀서 다음 템세팅 조언좀요..,아이템,469,가능·적정성
제네 플러스 코인 뭐돌릴까요?,아이템,369,선택·추천
복귀 유저인게 템관련 문의여,아이템,411,기타 질문
성장 방향 조언 부탁드려요,기타,316,가격·시세
뉴비 검마까지 방향성 조언좀....,직업,569,우선순위
에디 레전천장 사용처 추천부탁드려요 + 도전자 대체셋 질문,아이템,557,선택·추천
챌섭 3만점 찍는데 얼마나걸려요??,직업,665,가격·시세
챌섭 유입 스펙업 질문있습니다.,아이템,492,우선순위
울티마 보급일지 메포로 뚫는거 어떻게생각하는지요,아이템,705,방법·공략
[질문] 복귀 유저 아버 이후 에테르넬 17성 풀셋 질문,기타,718,우선순위
18살 본섭에서 길드가입이 현실적으로 가능할지가 궁금합니다.,기타,1054,가능·적정성
첼섭뉴비 2칠흑 맞추고싶은데 고근갈까요?,아이템,1047,선택·추천
메이플 보스 파티 궁금한점,몬스터,428,기타 질문
복귀유저 아델 보조 가격 질문,아이템,507,가격·시세
제로<>렌 직변 해보신분 궁금합니다.,직업,509,기타 질문
챌섭 뉴비 앞으로 진로 설정 부탁드립니다,아이템,450,우선순위
챌섭 종료후 리프 고민,기타,389,기타 질문
본섭 유니온 질문있습니다,기타,409,가능·적정성
메짱이 선생님들 아버 이후에 질문있습니다. 17에테 VS 18아케인(+27여명),아이템,1246,선택·추천
본섭에 유니온 만들려는데 고민상담좀 해주십쇼..,기타,358,우선순위
아델 보조 윗잠 이렇게 떴는데 얼마정도 할까요,시세,378,가격·시세
루나 크리스탈 키 평소 시세가 10억 쯤 될까요?,시세,534,가격·시세
형님들 드메템 vs 보스용장비 뭐 먼저맞추는게좋을까요?,아이템,567,선택·추천
챌섭에서 테라버닝 주는게 최대 4개맞죠?,기타,836,기타 질문
메린이 방향성이 잘못된걸까요? 현실조언 부탁드립니다,기타,669,우선순위
22성 에테 뚝배기 공6리턴 완작 질문드립니다,아이템,516,선택·추천
이번 챌섭 유입 메린이 제네시스 무기 잠재능력 질문 있습니다,아이템,394,우선순위
mvp블랙 경뿌,아이템,505,문제 해결
본섭에서 키웠던뉴비인데,기타,324,가격·시세
"메린이 레잠 2개, 에유잠 1개 사용처 질문",아이템,423,기타 질문
리프 질문있습니다,기타,321,가능·적정성
레테유입 이제뭐함?,기타,589,기타 질문
첼린저스 서버 제네무기 잠재 질문,아이템,334,가능·적정성
뉴비 템 순서 질문드립니다,아이템,329,우선순위
렌 제네무기 공공공 vs 보공공,아이템,711,선택·추천
챌섭 유입 284 아란 100억 템셋팅 질문,아이템,636,가능·적정성
메린이 하드 메이린까지 진로 상담 부탁드립니다.,기타,434,우선순위
챌린저스 서버 저번주에 알아서 이제 시작하는데 제네시스 무기 해방 될까요??ㅜㅜ,기타,450,가능·적정성
햄들 스펙업 조언좀 부탁드림다...,아이템,334,선택·추천
메린이 챌섭 미라클 타임 문의,아이템,411,선택·추천
챌섭 복귀 유전데 질문좀 받아주세요,아이템,303,우선순위
챌섭 유입 질문 한개 해도 되겠습니까,아이템,327,문제 해결
4만 메린이 템세팅 질문 드립니다,아이템,356,기타 질문
데브펜 18성 쌍레,아이템,380,가격·시세
메린이 템셋 조언 부탁드립니다.,아이템,332,가격·시세
챌섭 이동 질문,기타,305,가격·시세
"뉴비 챌섭이후 본섭 준비 질문,평가해주세요",아이템,1044,우선순위
뉴비 이번 미라클때 조언좀가능할까요?,아이템,615,우선순위
이번 이벤으로 시작한 늅늅이 장비좀 봐주실수 있을까요?,아이템,389,우선순위
챌섭에서 본캐를 바꾸고 싶어요 ㅠㅠ,기타,703,선택·추천
제로 온갖거 질문,직업,319,우선순위
5차 스킬코어 슬롯 강화 기능 없어졌나요?,기타,337,기타 질문
안녕하세요. 뉴비입니다. 검마 해방에 관해서 질문 드립니다.,퀘스트,407,기타 질문
레테 카루타 템셋팅 질문드립니다 도와주세요,아이템,418,문제 해결
고민있습니다!,아이템,389,기타 질문
미라클 타임.. 엠블 vs 하트,아이템,1319,선택·추천
챌섭 뉴비 방향성 조언 부탁드려요 메짱형님들,아이템,373,우선순위
저 혹시 추천직업이나 서버있나요?,직업,454,선택·추천
챌섭 뉴비 한번만 도와주십쇼 선생님들ㅠ,아이템,527,선택·추천
고수 형님들 미라클 질문 있습니다.,아이템,324,선택·추천
챌섭 뉴비 질문입니다.,기타,296,기타 질문
뉴비 부캐 유니온 질문,기타,317,기타 질문
챌섭 뉴비입니다! 이번에 미라클 타임 때 뭐 할까요??,기타,1628,가격·시세
투력 6600만 메린이 검마 잡고 싶습니다.,기타,625,우선순위
이번 유입 메린이 제네무기 에디 미라클때 돌려야할까요,아이템,563,우선순위
핑크빈 후디는 못얻나요?,아이템,319,기타 질문
메짱 친구들아 뉴비 템 견적 어디까지 됨..?,아이템,473,기타 질문
레테 보조무기 옵션 질문합니다..,아이템,433,가능·적정성
챌섭 유입 뉴비 질문 하나만 드립니다.,아이템,365,우선순위
(제네 해방) 하드 검마 파티격 흔적 획득량,퀘스트,619,기타 질문
복귀 유저 방어구 세팅 질문있습니다,아이템,441,가격·시세
안녕하세요 뉴비 검마 질문드려요,기타,474,가능·적정성
검마 결정석이 없어요,기타,602,기타 질문
챌린저스 서버 캐릭터 육성 질문,아이템,316,가격·시세
유니온 계정 버리고 새로 키우는게 맞을까요 조언 부탁드립니다!,직업,496,기타 질문
뉴비 챌린저스 서버 부캐(?) 질문,기타,406,가능·적정성
4여명 깨고 4흙칠흑 vs 4여명 유지 2흙칠흑,아이템,843,선택·추천
뉴비 익스우 트라이 파티는 어떻게 구해야하나요?,몬스터,359,우선순위
지금 복귀타이밍 너무 늦지 않았나..,기타,450,가능·적정성
형님들 이번 챌섭유입 메린이 제네 윗잠 질문드립니다!,아이템,432,가능·적정성
뉴비 해방무기 및 보조 질문드립니다!!!!!,아이템,412,선택·추천
보조무기 추천,아이템,541,선택·추천
뉴비) 레벨별로 사냥터는 어디 가야 하나요?,기타,483,기타 질문
뉴비입니다 메이플을 시작하고 해방퀘를 진행하는도중인데,기타,420,가격·시세
챌린저스서버 질문드립니다.,기타,377,가격·시세
트왈마 24퍼,아이템,713,기타 질문
챌섭뉴비 챌린저달고싶은데 뭐해야할까요,기타,791,우선순위
제네시스무기 잠재 질문드립니다(찐늅입니다ㅠㅠ),아이템,4022,우선순위
뉴비 내일 이면 제네무기 얻는데 에디셔널 문의,아이템,883,가격·시세
사우나 어디에 쓰는게낫나요?,기타,557,기타 질문
썜들 메린이 챌린저 찍을 수 있게 진로부탁드립니다..,기타,831,우선순위
보조 옵션 질문,아이템,456,기타 질문
복귀를 해볼까 하는데요! 조언 좀 부탁드리겠습니다ㅎㅎ,직업,491,가능·적정성
이번챌섭 유입 렌 하메 120퍼 만들고싶어요,아이템,896,선택·추천
복귀 뉴비 질문...,아이템,392,가능·적정성
챌섭 복귀유저 렌 스펙업 훈수 부탁드립니다.,아이템,599,가격·시세
메이플 파티플 질문,기타,480,가능·적정성
뉴비 환산주스탯 보스 배율,몬스터,651,기타 질문
"메린이 남은 대적자 큐브, 코인 어떻게 쓰는게 좋을까요?",아이템,705,방법·공략
메고수 형님들 뉴비 스펙업 도움,아이템,438,가격·시세
해방무기 추옵 질문있습니다,아이템,414,선택·추천
무기 추옵 질문,아이템,396,선택·추천
챌섭 유입 메린이 다음주 하드메이린 잡게 해주세요,아이템,637,가능·적정성
보조무기 매물을 더 찾고 싶습니다,시세,393,가능·적정성
200억 챌린저 가능한가요 고수분들의견이 궁금합니다,기타,1884,가능·적정성
울티마 스쿼드 코인샵 본섭 실수,기타,1477,가격·시세
챌섭 뉴비 2가지 질문 (대적자+헥사순서),기타,614,우선순위
복귀 메린이 입니다 놀장? 도미도 쓰이나요?,아이템,624,기타 질문
이후 스펙업 질문,기타,370,우선순위
뉴비 질문있습니다,기타,359,가능·적정성
메린이 서버 고민입니다,기타,471,방법·공략
복귀유저 질문드립니다!,기타,453,우선순위
메짱이 선생님들 대적자코인 어디에 써야할지 모르겠습니다,아이템,548,방법·공략
[사전월드리프] 여러 서버로 이동 불가 관련 문구 문제,기타,858,선택·추천
복귀뉴비 두가지 질문드려요,기타,492,우선순위
챌섭 뉴비 보조무기 질문 드려요,아이템,516,기타 질문
뉴비입니다!! 질문있습니다,직업,389,가능·적정성
검마 솔격 문의용,기타,660,가능·적정성
뉴비 질문드립니다,아이템,502,선택·추천
자석펫 vs 스펙업,아이템,2159,선택·추천
완전 첫 캐릭으로 키우는 메린이인데…첫 해방후 어떻게해야할지에 대해서,아이템,767,우선순위
어제 막 챌찍은 메린이 진로질문있습니다,기타,537,선택·추천
첫해방 뉴비 렌 템진단 부탁드려요 하드메이린 잡고싶어요,아이템,715,선택·추천
메린이 렌 보조 윗잠 두줄 매물 사도 되나요?,아이템,829,가능·적정성
복귀 뉴비인데 챌린저스에서 장신구 직작 해도 되나요?,아이템,411,가능·적정성
제네패스 질문있습니다,기타,569,가능·적정성
뉴비 에디 질문점,아이템,443,기타 질문
에디에픽2줄 이거 가능한걸까요.. ?!?,아이템,1767,가격·시세
잠재옵션 어떤걸 뽑아야하나요? 뉴비 도와주세요..ㅠ,아이템,571,우선순위
첫해방 메린이 제네시스무기 도와주세요ㅜㅜ,아이템,707,문제 해결
메청소년 진로 도움!!!!,기타,405,가격·시세
전투력 2억 뉴비 엔버 도와주세요,아이템,671,문제 해결
전투력 2천만 뉴비입니다. 템세팅 질문있습니다.ㅠㅠ,아이템,558,방법·공략
복귀뉴비 아크 템세팅 질문입니다...,아이템,323,기타 질문
모험가 22성 나오면 18둘둘로 하드 메이린 가능할까요?,아이템,850,가격·시세
뉴비 질문있습니다,기타,360,가능·적정성
뉴비 첫 해방 무기,아이템,653,기타 질문
뉴비 레테 미트라 구매 질문,아이템,496,선택·추천
메 뉴비 마법사(레테) 엠블럼 질문 있습니다!,직업,362,방법·공략
메이플은 쩔? 버스? 같은거 없나요??,기타,572,가격·시세
메이플 뉴비 추옵도 가격을 받을수있나여?,시세,484,가격·시세
초보인데 메이플 좋은직업이있을까요,기타,709,선택·추천
메잘알 형들 나로 질문이요ㅜㅜ,직업,426,선택·추천
뉴비 반지 질문,아이템,511,방법·공략
뉴비 미트라 질문,아이템,703,가능·적정성
"뉴비 블큐, 화에큐 사용처 질문점여",아이템,593,기타 질문
챌섭 레테 이지칼로스 104퍼,기타,628,기타 질문
뉴비 렌 해방 잠재 질문합니다!,아이템,425,기타 질문
mvp 레드만 유지하고 블랙으로 가긴 싫은데 질문있습니다,기타,753,우선순위
이번 유입 앞으로 템세팅 관해서 여쭤봅니다,아이템,403,가격·시세
뉴비 미트라 잠재 뭐 선택해야할까요,아이템,680,선택·추천
경험치 bm 문의드려요,기타,536,가능·적정성
뉴비 보조 vs 미트라 둘중 뭘 사는게 좋을까요,아이템,1075,선택·추천
제네시스 해방무기 옵션 질문 드립니다.,아이템,4863,문제 해결
보공 비율이 너무 높은거 같아 고민입니다..,아이템,535,가능·적정성
핵사환산과 환산,직업,529,가능·적정성
챌섭뉴비 템 가이드 부탁드립니다ㅠ,아이템,684,우선순위
복귀유저 직업추천좀 해주세용,직업,467,선택·추천
"복귀 템셋팅 질문 익스우, 노적자 널널컷정도",아이템,625,기타 질문
신규유입 챌섭 모멘텀패스,아이템,802,가격·시세
제네패스 플러스 코인 어디다 써야할까요?,아이템,900,가능·적정성
뉴비 잠재 어떻게 해야될까요,아이템,395,가능·적정성
템 진로상담 해주실분,아이템,423,우선순위
해방무기 작 하는 거 질문,아이템,478,우선순위
메린이 템 셋팅 질문!!,기타,414,우선순위
메린이 챌린저 이후 진로봐주실분..,기타,462,우선순위
이거 좋은건가요?,아이템,474,가능·적정성
뉴비 템세팅 고견 주실 수 있을까요?,기타,448,기타 질문
메린이 챌섭 무보엠 세팅 질문있습니다,아이템,425,가능·적정성
이제 하드진힐라 잡고 다이아 찍은 뉴비 진로 좀 부탁드려요,아이템,430,기타 질문
뉴비는 챌섭에서 방어구나 장신구 어떻게 맞춰야 하나요?,기타,670,가격·시세
제네시스패스 너무 어려워요,퀘스트,4249,가능·적정성
챌섭 유입 블래스터 챌린저 템세팅 질문드려요,아이템,442,방법·공략
PC방 자석펫 질문,기타,501,기타 질문
챌 유입 제논 템셋팅 및 템업글 직작 조언 부탁드림다!,아이템,509,선택·추천
뉴비 제네시스 무기 작 질문드립니다.,아이템,588,기타 질문
첼섭유입 뉴비 템세팅 고민이 큽니다,아이템,539,우선순위
검마 데카,몬스터,579,가능·적정성
렌 코어 강화 관련 질문,직업,503,선택·추천
메린이 비욘드버닝 도와주세요ㅠㅠ,기타,523,가능·적정성
드메템 효율,아이템,1071,가격·시세
챌섭뉴비 레테 템 진로 잘 짠걸까요??,아이템,856,우선순위
뉴비 260찍고 받는 에르다솔 교환권 쓰면,기타,492,기타 질문
챌섭 유입 템세팅 조언 질문드려요!,아이템,510,우선순위
챌섭 유입 메린이 템세팅 질문 있습니다 !!,아이템,492,우선순위
이번유입 템셋팅질문..!,아이템,458,선택·추천
뉴비 챌린저하고 싶은데 바닥부터 진로상담 부탁드립니다,기타,678,가격·시세
형님들 메이플 id관련좀 알려주십숑,기타,532,가능·적정성
힘 여명 30퍼 깡통 35억 즈음이면 비쌀까요?,아이템,565,가격·시세
이번 챌섭 유입 템세팅 질문드려봅니다,아이템,416,기타 질문
"250,200레벨 달성비약 어디다가 써야하나요??",아이템,1252,기타 질문
챌섭 뉴비 카레잠이랑 블큐 어디다 쓰는게 좋을까요?,아이템,497,기타 질문
뉴비 주보캐 템 질문좀 받아주실분,아이템,389,방법·공략
뉴비면 이노센트50퍼랑 순백10퍼 팔아도 되나요,아이템,513,가격·시세
제네시스 패스 구매 후 미활성화로 인한 흔적 복구 해보신 분 있으실까요?,아이템,550,가격·시세
복귀한지 하루차인데 패스 구매해도 상관없을까요?,기타,556,가격·시세
뉴비 아이템 셋팅 질문 두개만 부탁드립니다.,아이템,507,가격·시세
"초대형 검, 몽둥이, 도끼 지금 살수있나여?",기타,748,가능·적정성
뉴비 스펙업 진로 고민있어요,아이템,462,가격·시세
메린이 하메잡는데 뭘 더 해야 빠르게 쌔질까요,아이템,681,가격·시세
이번 유입 월드리프 질문합니다!,기타,720,기타 질문
찐뉴비 지금이라도 시작해볼까하는데 추천좀요!,직업,600,선택·추천
이거 얼마 정도에 팔릴까요..?,시세,709,가격·시세
지금 챌섭시작하기엔 늦음?,기타,1227,선택·추천
이번 메이플 챌린저스 유입 뉴비입니다. 도와주세요,아이템,623,우선순위
복귀유저 챌섭 질문드려요,기타,388,가격·시세
복귀 메린이인데 블랙보조 질문드립니다,아이템,458,가격·시세
이번에 복귀 유전데 캐샵 통합,기타,454,기타 질문
신규유저 지금 시작해도 되나요?,기타,707,가능·적정성
보마 재획준비물좀 알려주실분,아이템,569,우선순위
챌섭 메린이 하메를 위한 템셋팅 조언 부탁드립니다!,아이템,710,기타 질문
뉴비 대적자 코인 사용처 질문,아이템,623,기타 질문
챌섭 뉴비 진로 부탁드립니다 ㅠ,기타,398,가능·적정성
복귀유저 직업 네개중에 뭐가 괜춘할까요?,직업,565,선택·추천
컴고수 선생님들 게임이 계속 멈춥니다,기타,424,우선순위
헥환 7~9만 템셋 비용 얼마나 될까요? (궁수),아이템,1103,우선순위
자석펫 얼마나 걸릴까요?,기타,1084,가격·시세
에테 장갑을 만들었었는데 방어구 템셋을,아이템,999,우선순위
뉴비 템셋 순서고민입니다,기타,509,우선순위
뉴비 쌍레 데브펜 시세 질문,시세,413,가격·시세
형님들 이거 미트라 잠재 뭐써야하나요,아이템,667,우선순위
뉴비 자석펫 질문,아이템,554,기타 질문
요즘 교가 보조무기 에픽은 어떻게 올리나요?,아이템,537,가능·적정성
4만 복귀 카이저 메린이,아이템,451,선택·추천
"뉴비 챌린저 도전, 템셋팅 어떻게 하는게 효율적일까요",아이템,456,가격·시세
이벤링 아드템으로 끼고싶은데 도와주세요 ㅠ,아이템,506,선택·추천
카르마 블랙큐브 화이트큐브 사용처,아이템,827,우선순위
4주차 뉴비 앞으로 진로방향좀 가르쳐주세요!,기타,524,가격·시세
뉴비 스펙업 아이템 질문,아이템,552,가격·시세
이거 이가격에 사도 되나요?,아이템,776,가격·시세
챌섭 복귀 메린이 보조무기 질문,아이템,481,가격·시세
메린이 제네무기 및 템진단좀 부탁드립니다.,아이템,481,문제 해결
6월말 유입 뉴비 현실적인 조언 부탁드립니다,기타,550,가능·적정성
챌린저스 뉴비 1200억 세팅 질문 드립니다.,아이템,730,우선순위
복귀 렌 유저 전투력 천만이 안되는데...,직업,677,문제 해결
지피방? 원격피시방? 질문있습니다,기타,10928,가능·적정성
추후 어떻게 스펙업할지 궁금해요,아이템,493,가격·시세
진짜 메이플 고수만 오셈,기타,1403,선택·추천
선생님들 리레 4랑 3이랑 차이 큰가요?,아이템,1151,가격·시세
챌섭뉴비 마도서 팔아도 되나여,아이템,983,가격·시세
메린이 스펙업 방향성 조언 부탁드립니다 ㅠㅠ,아이템,566,우선순위
복귀뉴비 챌섭 키우는데 리프할 서버 추천부탁드려요,기타,720,선택·추천
뉴비 레테 레전 똥블렘 그냥 쓰면될까요?,아이템,779,가능·적정성
꼬님키,직업,472,우선순위
해방무기질문,아이템,461,기타 질문
쌩뉴비 해방이후 템세팅 진로(자본 80억),아이템,592,방법·공략
제네무기 잠재 업글 질문합니다,아이템,482,기타 질문
칠흑 드드 거공 사도 되나요..? (메린이),아이템,494,가격·시세
뉴비 템 조언좀,아이템,581,기타 질문
유챔 관련 질문이 있습니다,기타,450,우선순위
뉴비 해방이후 스펙업 방향성 검토 부탁드리겠습니다,아이템,620,우선순위
선배님들 헤어 추천 부탁드립니다..,시세,446,선택·추천
메쌤들 잠재 질문...,아이템,392,선택·추천
"메린이 질문드립니다 자석펫,드메,스펙업",아이템,625,우선순위
안녕하세요 오늘 검마잡고 제네작하는중인데 작관련 질문 좀 드릴께요!,아이템,607,우선순위
복귀유저인데 템바꿀 순서 추천좀요,아이템,472,선택·추천
뉴비 유니온에 대해 궁금해요!,기타,437,방법·공략
보 70 vs 보 65 방무 30 뭐가 좋나요?,아이템,1966,선택·추천
레테 유입 질문하나만 받아주십쇼~,직업,539,선택·추천
헥사 코어 3 때문에 벽에 막힌거 같습니다,기타,5570,가능·적정성
챌섭 챌린저 목표 겸,아이템,680,우선순위
뉴비인데 고민이 있어요 ㅠㅠㅠ,직업,456,우선순위
게토 아닌 피시방에서 하면 찍계되나요?,기타,626,가능·적정성
메이플 한번도 안해본 뉴비 오늘부터 시작해도되나요?,직업,614,가능·적정성
루나 익스텐션 궁금합니다.,아이템,997,기타 질문
밑에 메린이 컴퓨터 질문한 사람입니다!,기타,460,우선순위
뉴비 보스컷,몬스터,717,우선순위
복귀 뉴비 템셋 질문,기타,544,선택·추천
형님들 뉴비 드메템 사려는데 같이봐줄수있을까,아이템,689,가격·시세
챌섭 뉴비 세트템 셋팅 질문 드립니다.ㅜㅜ,아이템,658,가능·적정성
챌섭 보상 250 레테 딸깍 했는데 템 세팅 추천 좀 부탁합니다,아이템,817,선택·추천
안녕하세요 뉴비입니다. 렌 보조무기,아이템,1034,기타 질문
하드 스우에서 루컨마 떳는데,아이템,2122,기타 질문
썬콜 대적자 코인 어디에 쓸까요?,아이템,532,가격·시세
챌섭뉴비 블큐 화에큐 어디다 써야할까요,아이템,2501,가격·시세
챌섭 유입 질문드립니다.,아이템,484,우선순위
초보 보스 공략하려면 환산주스탯 몇퍼정도부터 트라이하면 좋을까요?,몬스터,779,방법·공략
뉴비 보조무기 질문,아이템,591,가격·시세
챌뉴비 똥블렘 뽀록등업으로 인한 고민 도와주세요,아이템,935,가격·시세
챌섭 뉴비 스펙업 뭐해야 하나요?,아이템,1219,가능·적정성
검마 3페 질문,몬스터,1481,기타 질문
뉴비 이 캐릭터 버려야하는지 고민입니다..,기타,2982,가격·시세
컴알못 질문드려도 될까요... (부품 교체),기타,551,가능·적정성
챌뉴비 방어구 질문드려요!,아이템,455,선택·추천
복귀뉴비 5석펫 개오바겠죠?,아이템,963,가능·적정성
천천히 챌 가려하는 뉴비 검마 질문,몬스터,713,선택·추천
챌섭 뉴비 프펫공 프악공 질문,아이템,4273,기타 질문
뉴비 챌섭 자석펫 팔기 vs 쓰기,아이템,717,선택·추천
하드 메이린 잡고싶은 뉴비 템셋 조언 부탁드립니다.,아이템,542,가격·시세
메린이입니다. 훈수를 부탁합니다.,아이템,494,우선순위
안녕하세요 시즌4 복귀 유저 본섭 카데나 세팅 조언 주실 분,아이템,514,우선순위
"뉴비 악세 뭐 사야되는지 알려줄 선생님,,",아이템,448,문제 해결
안녕하세요 뉴비입니다 하버 렌 280까지 키웠는데 레테,직업,709,방법·공략
아버 끝나고 방어구,아이템,1096,선택·추천
뉴비 챌린저까지 템세팅 질문!,아이템,753,가격·시세
도박성공한 뉴비 질문있습니다,아이템,1283,가격·시세
제네시스 패스 질문좀요,아이템,521,기타 질문
뉴비 몇가지 질문좀 드려여,기타,472,가능·적정성
레테 메이플 뉴비 어빌리티 재설정 질문,직업,553,가능·적정성
뉴비 헥사스텟 질문있습니다,기타,589,우선순위
복귀 유저 해방전 아케인 무기좀,아이템,497,기타 질문
뉴비 어빌리티 질문이있어요,기타,660,우선순위
"복귀유저 템세팅 방향성 질문합니다,..",아이템,621,우선순위
뉴비 골클벨좀 봐주..,아이템,813,가능·적정성
주흔작? 이번 유입입니다,아이템,614,문제 해결
뉴비템세팅 상담신청! (feat. 이게 좋데! 하고 사려고 하면 비쌈주의ㅠ),아이템,608,우선순위
챌섭 3일차 뉴비입니다. 200억으로 드메탬 부터 살까요?,아이템,691,선택·추천
스펙터블래스트 보상질문이요,아이템,552,가능·적정성
플래닛 여기에 질문해도될까요? 뉴비 썬콜 템세팅 질문좀요 ㅠ,아이템,608,가격·시세
뉴비 아이템 질문,아이템,481,문제 해결
컴고수님들 메린이 게임 멈춤 질문드립니다,기타,439,우선순위
복귀뉴비 200레벨비약 질문이 있습니다,기타,620,가능·적정성
뉴비 잘 하고 있나 함 봐주세요,기타,632,우선순위
선생님들 드메 100/100이 가성비라고 배웠는데 풀도핑 기준이 맞나요?,아이템,1768,가격·시세
메린이 겨울챌섭 전 유니온 8000 질문있습니다!,기타,703,기타 질문
메린이 악세사리 주문작 질문 좀 드립니다.,아이템,613,문제 해결
뉴비 챌섭..보스,기타,574,기타 질문
헥환 5만에서 7~8만 목표로 하고 있는데 뭐부터 하면 좋을까요?,아이템,675,우선순위
뉴비) 헥사 떡작 질문,기타,705,방법·공략
뉴비 100억 메소 살 예정인데,아이템,2306,우선순위
선배님들 드메템관련해서 답변좀 부탁드려요 미리 감사드려요,아이템,725,가능·적정성
미트라 가격좀 봐조새요,아이템,792,가격·시세
챌섭 뉴비 270억으로 어느부위부터 바꿔야할까요?...,아이템,619,우선순위
메린이 지금 약간 막막한데..,아이템,1263,우선순위
[레테] 오늘 인생 첫 해방한 뉴비인데 추옵좀 봐주세여,아이템,658,기타 질문
뉴비 카레잠 소모처 질문,아이템,796,가능·적정성
챌섭뉴비 과금 질문,기타,703,가격·시세
어제 해방한 와헌 메린이입니다 해방큐브했는데,아이템,573,우선순위
챌섭에서 285렙 2개 키우려고 하는 메린이 입니다! 질문 있습니다,직업,699,선택·추천
혹시 뉴비스펙업좀 도와주실수있을까요 80억보유중입니,아이템,629,가능·적정성
뉴비 유챔용 직업 키워보려는데 라라 vs 일리움 vs 배메 세개중 추천좀여,직업,629,선택·추천
뉴비 스펙업 뭐 해야 하나요..?,아이템,765,가능·적정성
메이플 뉴비 ai한태 챌썹 물어봤는데 맞나요?,기타,650,선택·추천
뉴비 제네무기 뭐먼저 돌릴까요?,아이템,666,우선순위
템 진로 찐 최종 확인 제발 부탁드립니다,아이템,650,우선순위
뉴비 카레잠 질문 있어요,아이템,595,방법·공략
챌섭 뉴비.. 가고 있는 방향이 제대로 된 건지 모르겠어요,아이템,1014,우선순위
복귀 유저 질문있습니다!,직업,403,가격·시세
뉴비 메획템 어떻게 구해야할까요?,기타,639,우선순위
이번에 첫챌섭 시작한 뉴비 해방이후에 템세팅이 궁금해요 ㅇㅅㅠ,아이템,940,선택·추천
메린이 몽벨 시세질문,시세,661,가격·시세
이번 챌린저스 뉴비 입니다. 훼방퀘 흔적 질문 드립니다.,퀘스트,525,기타 질문
메소 다 파먹고도 재획 빨아도 이득인가영?,아이템,5533,가격·시세
오늘가입한 뉴비입니다..100억있는데.. 어떤거부터 스펙업할까요..?,아이템,979,선택·추천
법사 선배님들 템진로 도와주시면 감사하겠습니다,아이템,515,가능·적정성
안녕하세요 아케인단검 시세 질문드립니다,시세,514,가격·시세
뉴비 해방무기 옵션 질문입니다,아이템,961,기타 질문
렉 끊김현상 도와주실분..,기타,687,방법·공략
거탐횟수랑 룬 화살표 회전 여부,기타,722,선택·추천
뉴비 보조는 그냥 사는 게 낫나요??,아이템,889,우선순위
복귀유저인데 버닝비욘드 어디다가 줘야할까요?,직업,495,우선순위
뉴비 질문있습니다.,기타,421,기타 질문
챌섭 다이아 찍었는데요 하트질문,아이템,615,기타 질문
챌섭 뉴비인데 보스 연모로 좀 하다가 가는게 나을까요?,기타,507,기타 질문
챌 유입 뉴비 템은 이렇게 맞췄는데 다조?는 언제부터 써야하나요..,기타,808,기타 질문
너무 궁금해서 질문,기타,437,가능·적정성
뉴비 재획 경쿠 질문,기타,624,기타 질문
뉴비 서버 어디로가나요?,기타,876,기타 질문
안녕하세요 이번에 시작한 메린이 입니다,시세,771,기타 질문
신규  유저 입니다만.,기타,789,가능·적정성
도전자에 에테장갑,아이템,2159,기타 질문
검밑솔...,퀘스트,1835,우선순위
이번에 챌섭 시작해보려는 뉴비입니다.,직업,726,방법·공략
이번 첼섭 유입 렌입니다! 경매장 질문입니다,아이템,550,가격·시세
스카니아 VS 크로아,기타,815,선택·추천
형님들 질문좀요.,기타,468,기타 질문
뉴비템세팅 상담신청! (feat. 이게 좋데! 하고 사려고 하면 비쌈주의ㅠ),아이템,812,우선순위
복귀유저 탬 조언 부탁드립니다.,아이템,551,선택·추천
챌린저 노릴 수 있을까요,기타,975,가능·적정성
지금 장신구(여명) 가격이 많이 오른건가요..?,아이템,1951,가격·시세
뉴비 챌섭 레잠 사용처 및 미래 템세팅 조언 부탁드립니다,아이템,2067,선택·추천
재획할시간이 없으면 드메템 팔아요?,아이템,1057,우선순위
뉴비 하드세렌 질문드립니다,몬스터,596,가능·적정성
챌섭 뉴비 3석 vs 장비 뭐 먼저?,아이템,1020,선택·추천
챌섭 뉴비 세렌 질문 드려요,몬스터,569,방법·공략
챌섭 사냥,기타,773,우선순위
자석펫 팔기 vs 쓰기,아이템,2486,선택·추천
스펙업 방향성 질문드립니다.,아이템,752,가격·시세
메린이 아이템 진로 및 재획관련궁금합니당~!,기타,729,우선순위
2년만에 복귀했는데 템세팅 조언 부탁드립니다.,아이템,795,우선순위
무기를 사는게 맞을까요?,아이템,631,가능·적정성
뉴비 보조무기 질문 하나만 받아주십셔,아이템,568,선택·추천
챌린저스월드 뉴비 탬세팅 질문,아이템,460,우선순위
챌섭 리프 질문있습니다,기타,689,선택·추천
지난주에 시작한 뉴비 질문 드려봅니디,직업,642,가격·시세
메린이 하이퍼버닝 질문있습니다!,기타,517,기타 질문
뉴비 18에테 질문있습니다,아이템,834,가격·시세
요즘은 경뿌 고확으로 안하고 다르게 하나요?,기타,1595,기타 질문
메린이 템세팅 진로 질문드립니다 도와주세요,기타,524,우선순위
챌 뉴비 템세팅 질문!,아이템,608,가능·적정성
3주늦은뉴비 템진로 훈수 제발 부탁드립니다,아이템,818,선택·추천
뉴비 질문 솔 야누스 스킬 3번 쓸수있다매,기타,675,문제 해결
챌섭 사파이어보상 유니크에잠 잘못 썼는데 혹시 복구해줄까요...?,아이템,673,문제 해결
뉴비 챌섭 장신구 스펙업 질문있습니다,아이템,492,가능·적정성
복귀 유저 본캐 템 질문 입니다(장비템먼저 vs 리레링 4렙 먼저),아이템,612,선택·추천
이번 챌섭복귀유저입니다. 드메템 관련 질문드립니다.,아이템,599,선택·추천
제네패스 해방 날짜 메린이 질문드립니다!,퀘스트,514,가격·시세
형들 미트라 사려고하는데..뭐사야할까 ㅠㅠ뉴비야,아이템,663,선택·추천
피방시간 채우기,기타,674,기타 질문
컬프 사용할만한 코디템 있을까요?,아이템,512,선택·추천
"메린이 하드듄켈,진힐라에 막혔습니다 장비 고민..",아이템,728,우선순위
뉴비 본캐 레테 보조와 템셋팅..,아이템,1939,기타 질문
선생님들 복귀 뉴비 템진로 조언 부탁드립니다.,아이템,604,우선순위
이번유입 스펙업 순서좀 알려주실수있을까요,아이템,786,우선순위
하이버버닝 삭제하고 다시만들라하는데 뉴비 질문드립니다,직업,710,가능·적정성
복귀유저 질문있습니다,아이템,541,기타 질문
챌섭 유입 메린이 템 진단좀 부탁드려요,아이템,640,우선순위
뉴비입니다 질문있습니다 (모르고 자게에 써서 다시 작성했습니다),시세,628,가격·시세
일리움 vs 키네 뉴비본캐 추천부탁드립니다,직업,601,선택·추천
플라즈마 하트가 터져버렸어요..,아이템,5940,우선순위
복귀유저 챌섭 질문드립니다,기타,482,방법·공략
유효 2줄로 인정인가요?,기타,627,가능·적정성
뉴비) 아이디 생성관련,기타,593,선택·추천
보조무기 시세 질문,아이템,709,가격·시세
데미지 스킨 얻는법,기타,1972,기타 질문
아이템 순서 맞추는 법좀 알려주세요..,아이템,714,우선순위
뉴비 듀블 레잠 질문입니다!,아이템,579,선택·추천
애픽던전 260 던전깨야 270꺼 생기나요?,퀘스트,568,방법·공략
선생님들 뉴비 보조무기 잠재 한번만 봐주세요,아이템,588,기타 질문
뉴비 서큘 질문,아이템,565,기타 질문
무과금 챌뉴비 65억 정도 생겼는데 어디에 써야해?,기타,1877,기타 질문
챌섭 뉴비 템세팅 순서 이영상 어떤가요?,아이템,2146,우선순위
복귀유저 챌섭 궁성비? 200찍어주는거 질문좀요,기타,927,기타 질문
형들뉴비인데 이거시세 얼마정도 할가요,시세,1075,가격·시세
복귀는 무조건 챌섭이야?,직업,924,기타 질문
뉴비 챌섭 일반펫 스킬 자동사용 되는걸로 제일 싼거 하나만 사면 될까요?,아이템,928,가능·적정성
뉴비 질문있슴다,기타,520,가격·시세
챌섭 뉴비 템세팅 봐줄수 있나요,아이템,678,기타 질문
메이플 뉴비 몽벨 먹었는데 질문있어요!,아이템,785,가격·시세
mvp작 하려는.뉴비인대요,기타,893,기타 질문
일요일에 메소가 빨려나가는 거면,기타,1314,가격·시세
메린이 챌섭 질문 드립니다 !,퀘스트,597,기타 질문
이 헤어 이름 아시는 코잘알님 계시는가요..뉴비임다,기타,783,기타 질문
뉴비 샤타포스 질문 있습니다 도와주세요,아이템,824,선택·추천
하이퍼블링크가 안보여요 ㅠㅠ 뉴비도와주세요,아이템,700,문제 해결
챌시즌2 하다가 이번에 복귀 질문,기타,498,가격·시세
메이플 뉴비 궁성비 질문,기타,562,선택·추천
5년로아 접은 쌩뉴비 메이플 시작 질문,기타,869,가격·시세
챌섭입문 뉴비 오늘 주흔작 하트말고 더 할거있나요,아이템,699,기타 질문
뉴비 키네 vs 제논 머가나을까요 형님들 본캐,직업,567,선택·추천
뉴비 질문요,기타,478,가격·시세
1년전 렌 처음 나올때 했었는데 뒤에 짐짝 없애는 방법 좀 알려주세요 ㅠ,기타,622,방법·공략
뉴비 스펙업 순서,아이템,880,우선순위
V메트릭스 코강 버그 관련,기타,512,방법·공략
챌섭뉴비 칠흑이 사고싶어요,아이템,835,선택·추천
레전기준 보스드랍 큐브랑 메소로 돌리는거랑 기대값 같나요?,아이템,599,가격·시세
템세팅 질문,아이템,597,방법·공략
뉴비 장신구 질문드려요!(여명or파풀마),아이템,648,기타 질문
이번 유입 뉴비 레잠 질문,아이템,640,선택·추천
18성 앱솔(크뎀 장갑) vs 흙케인,아이템,752,선택·추천
스펙업 진로상담 부탁드립니다.,아이템,699,선택·추천
원본 초롱나비 로이드 얼마인가요?,아이템,602,가격·시세
가엔링 인트 36% 떴는데 이거 시세가 어떻게 되나요?,시세,912,가격·시세
챌섭 메린이 메소로 어떤스펙업 먼저하나요??,아이템,862,우선순위
복귀유전데 뭐부터해야해용?,기타,515,우선순위
챌썹 랩 276 썬콜 메이플 처음하는 메린이 메이린 최소컷 질문 ㅠ,아이템,737,가능·적정성
뉴비 오늘 퇴근하고 챌섭해보려는데,기타,818,가격·시세
메린이 템셋 질문,아이템,685,가능·적정성
안녕하세요. 챌섭 뉴비 질문드립니다. 과금관련,아이템,817,우선순위
뉴비 레잠 질문드려요!,아이템,888,선택·추천
안녕하세요 멍청한 메린이입니다..,기타,1038,가격·시세
뉴비대박났는데 시세좀 알려주실 선생님ㅠ,아이템,4305,가격·시세
유입 메린이 레전잠재 질문있습니다,아이템,904,가능·적정성
(뉴비) 비숍 진힐라 잡을때 오버러드 마나 켜요?,직업,628,기타 질문
챌섭 복귀 유저 질문,아이템,598,가격·시세
챌섭 템셋팅 질문입니다!,아이템,596,우선순위
고민!,기타,656,가능·적정성
안녕하세요 복귀유저 챌섭 챌린지 질문드립니다,기타,532,우선순위
전시즌 유입 뉴비 질문드립니다,아이템,547,선택·추천
챌섭 유입 메린이 메소사용후보 골라주십셔,아이템,720,선택·추천
안녕하세요 이번에 시즌4 유입뉴비입니다! 질문 있어요!,기타,698,기타 질문
메린이 노말세렌 이지칼로스 가능할꺼같음??,몬스터,800,가능·적정성
형들 작년렌유입 복귀하려는데 템세팅조언좀,아이템,682,가능·적정성
메린이 엠블 잠재 옵션 질문 드려요!,아이템,653,가격·시세
드메링(재획용)과 스탯링(보스용)을 어떻게 세팅 해야하는지 궁금합니다.,아이템,850,방법·공략
뉴비 자석펫 질문이있습니다,아이템,827,기타 질문
응애 뉴비 이벤트링 질문있어요,아이템,697,가능·적정성
뉴비 제네시스 패스 질문입니다.,아이템,709,기타 질문
찍계 걸린것 같습니다.,기타,1049,방법·공략
메이플 슈퍼뉴비 어떻게 강화하는지 궁금합니다.,시세,691,가능·적정성
챌섭 질문있어요,기타,613,가격·시세
찐뉴비 앞으로 스펙업 계획..챌가능할까요,아이템,1159,우선순위
이틀차 복귀유저인데 못채운출석 메포로 미는게 좋나요?,기타,723,기타 질문
보스 파티플레이 중 죽으면 아무 보상 못받나요?,기타,1042,가능·적정성
챌썹 본케 쌩뉴비 입니다! 선생님들 조언 구합니다!,기타,721,우선순위
복귀한 뉴비인데 V매트릭스가 예전이랑 뭔가 바뀐 느낌이에요!,직업,644,우선순위
플래닛에서 처음 본메 넘어가는 뉴비 직업질문좀 드립니다!,직업,726,선택·추천
메린이 검마 솔격 가능함??,몬스터,1104,가능·적정성
뉴비 자석펫 질문,아이템,752,기타 질문
뉴비 복귀 본캐 질문드립니다!,직업,595,우선순위
뉴비 다음 반지 잠재 어떻게 계획해가면 돼요?,아이템,738,가능·적정성
뉴비 해방패스,퀘스트,854,가능·적정성
검마 2인격 뉴비기준,기타,3545,가능·적정성
뉴비 챌린저 찍고싶은데 조언부탁드려요,아이템,718,가능·적정성
뉴비인데 지금 시작하면 이벤트 많이 늦었나요??,기타,741,기타 질문
챌섭 뉴비인데 가엔링 23성 이거 사는건 아닌가요?,아이템,900,가능·적정성
카데나 vs 제로,직업,752,선택·추천
찐뉴비 2주차인데 궁금합니당!,아이템,906,가능·적정성
챌섭 유입 뉴비인데요..ㅠ,아이템,922,기타 질문
뉴비 현질 고민,아이템,936,가격·시세
뉴비 4여명이후 템 질문ㅜ,아이템,1712,가격·시세
뉴비 복귀유저 자유전직 문의 드립니다,직업,806,기타 질문
뉴비 수로 질문드립니다.,기타,640,가능·적정성
궁성비 19개 캐릭 추천 부탁드립니다,기타,1098,선택·추천
메소팔거면 챌섭이 좋나요 본섭이 좋나요?,시세,691,가격·시세
카이 공략 질문,기타,1283,가능·적정성
뉴비 챌섭 아이템 세팅 도와주세요,아이템,926,가격·시세
뉴비 직업 데슬 이랑 캡틴,직업,677,선택·추천
혹시 챌섭 진라벨 경험치 코디템 4부위 다 사는거 어떻게 생각하시나요?,아이템,778,가격·시세
직업 선택 도와주세요,직업,606,선택·추천
뉴비 챌섭 템 구매,아이템,639,가격·시세
뉴비 사고쳤는데 이럴때 어떻게해요 ? (보스 보상),아이템,1442,가능·적정성
뉴비기준으로 해방하면,기타,648,기타 질문
템 스펙업을 어케 해야하지 모르겠어요,아이템,639,가능·적정성
챌섭 복귀 메린이 질문 부탁드립니다..,아이템,612,가격·시세
뉴비 이거 오리진 버그인가요???,기타,698,문제 해결
챌섭 뉴비 스펙업 고민좀 도와주세요!,아이템,657,선택·추천
메린이 어빌 질문 있워요!!!,기타,663,우선순위
스펙업 순서 질문,아이템,690,선택·추천
메린이 미라클에 메소 다 박았는데 조언좀..,아이템,1747,가격·시세
뉴비 미라클 하다가 운좋게 과분한 옵션이 떳는데요,아이템,878,가격·시세
안녕하세요 어웨이크 이후 거의 6년만에 복귀하는 메린이입니다,직업,632,기타 질문
명장 달고 일정시간이상 제작 안하면 떨어진다던데 맞나요?,기타,726,문제 해결
검마 인원수에따라 어둠의 흔적량 차이나나요?,기타,911,가능·적정성
메이플 뉴비 챌린저스 서버 레테 꼭 해야할까용?! ㅠㅠ,직업,1079,우선순위
뉴비 100억 어디에 쓰는게 현명할까요?,아이템,1068,가능·적정성
15일 이용 제한을 받았는데 사유가....,기타,1740,문제 해결
25성 가엔링 얼마에 팔아야 하나요?,시세,888,가격·시세
챌섭 미트라 안사고 엠블럼 직작하는 뉴비,아이템,2942,가능·적정성
뉴비 마깃안 먹었는데 팔면 되나요?,아이템,1542,가격·시세
놀긍 60퍼 작 해도 되나요?,아이템,1150,가격·시세
뉴비 페어리하트작 질문있습니다,아이템,958,가능·적정성
메이플 부캐는 275 의자 못얻나요?,아이템,1069,방법·공략
뉴비 익스트림 성장의 비약 질문,기타,954,우선순위
뉴비) 제로 공마 받는거요,직업,648,기타 질문
와헌 뉴비 스킬코어 질문,직업,592,기타 질문
와헌 키우는 뉴비임니다,기타,582,기타 질문
뉴비 메린이 인데요..! 보스 배율 질문 있습니다!,기타,866,기타 질문
챌섭 메린이 듀블 템셋팅 질문있습니다,아이템,790,우선순위
메소마켓 질문,기타,815,가격·시세
뉴비 스펙업 뭐해야할지 모르겠어요,아이템,904,선택·추천
뉴비 챌린저 찍고 싶은데 엠블렘 안 맞추고도 될까요?,아이템,1096,가격·시세
메린이 챌섭 템세팅 질문,아이템,1084,우선순위
챌섭 뉴비 이번 선데이 질문 몇개만 답장 해주실분!,기타,1116,우선순위
갑자기 메소가 생겼는데 챌섭 뉴비 템세팅 질문입니다,아이템,836,우선순위
복귀 메린이 미라클 질문,아이템,660,가격·시세
뉴비 챌섭 미라클타임에 뭐해야 되나요?,기타,1033,가능·적정성
뉴비 세팅 질문 ..!,아이템,605,기타 질문
"유입뉴비 반지질문있읍니다 선생님덜,,",아이템,905,선택·추천
유입 메린이 채집 질문,아이템,1252,기타 질문
챌섭 유입 메린이 과금 및 템셋팅 및 기타 질문드립니다,아이템,1907,우선순위
스펙업 어떻게 해야하는지 질문드려요!,아이템,760,우선순위
하드나 카오스 잡으면 노말 자동클리어되나요?,기타,923,가능·적정성
헥환6만까지 스펙업 순서 추천 해주세요,아이템,1488,선택·추천
지금 메획 한줄짜리는 살만한 가격인가요,아이템,1171,가격·시세
뉴비 제네패스 질문,기타,912,기타 질문
메린이 고민좀,기타,805,가격·시세
메린이 서버 옮기는거 추천함??,기타,1131,선택·추천
안녕하세요 어제 처음한 뉴비입니다,아이템,772,우선순위
챌린저스 패스 캐시샵 구매 불가 뜨는데..,아이템,1104,가격·시세
"메린이, 메복이 궁금증들 해소해주라",기타,707,문제 해결
드메템 지금은 비싼건가요??,아이템,881,가격·시세
안녕하세요 시즌4 유입 메린이입니다. 템세팅때문에 고민이 있어요 ㅠㅠ 도와주세요..!!!,아이템,861,가격·시세
메이플 뉴비 도와주세요,퀘스트,699,선택·추천
뉴비 보조 해방 질문,아이템,667,기타 질문
뉴비 질문 있습니다!! 링크 관련,기타,589,가능·적정성
전투력 2300만 보마인데 메이린 노멀 가능할까요??,기타,1330,가능·적정성
챌섭 템셋팅 질문,아이템,858,가격·시세
찐뉴비 앞으로 방향성 궁금합니당ㅠ,아이템,734,방법·공략
직업 뭘로 할까요,직업,754,기타 질문
챌섭 메린이 이벤링 질문,아이템,758,가능·적정성
챌섭 뉴비 아이템 구매 추천,아이템,852,선택·추천
안녕하세요! 복귀 뉴비 직업 고민 선택 부탁드립니다.,직업,746,선택·추천
저 완전 메린이 인데 강해지고 싶어요..!  도와주세요…,아이템,743,선택·추천
복귀유저인데 방학시즌에는 본캐 부캐 사냥비중어떻게둬야해요?,기타,653,방법·공략
뉴비 카레잠 어디에 발라야하나요,아이템,1126,기타 질문
에픽던전 관련 질문입니다,기타,796,기타 질문
여명셋 지금 많이 올랐나요? 템셋팅 알려주십쇼 ㅠㅠㅠ,아이템,4663,가격·시세
뉴비 렌 이벤트링이랑 기타 등등 질문 있습니다,아이템,813,선택·추천
뉴비 솔 에르다 / 솔 에르다 조각 선택권 받을라 하는데 [답답함주의],기타,9440,선택·추천
메이플 입문 뉴비 유튜브 보고 따라오긴 했는데 템세팅 앞으로,아이템,899,우선순위
님들 진짜 너무 급해요 유입 뉴비 메린인데 질문좀 봐주세요 ㅜ,기타,752,우선순위
뉴비 레테 vs 렌 vs 보마,직업,2400,선택·추천
메린이 500억 정도 템세팅 질문좀용 행님덜,기타,931,기타 질문
설렁설렁 찍먹해보려고하는데 제네시스패스 살까요?,기타,1256,선택·추천
선배님들 인생망한 뉴비 제로 육성 궁금합니다..,시세,739,가격·시세
메린이 질문,기타,685,기타 질문
뉴비 메린이 질문있어요! (달성비약 관련),기타,1188,가능·적정성
챌섭 뉴비 키보드,기타,781,선택·추천
뉴비 질문점,기타,624,기타 질문
뉴비 사냥중인데,기타,774,기타 질문
뉴비 가엔링 1.2 주고 샀는데 잘 산건가요?,시세,4366,가능·적정성
검마 배율78퍼 2인 빡셀려나요?,몬스터,1033,기타 질문
찐뉴비 질문있습니당ㅠ,아이템,685,우선순위
개초보뉴비 챌린저하고싶습니다 길을알려주세요,직업,5471,우선순위
중고뉴비 챌섭 복귀유저 직업고민 아란 VS 레테,직업,742,선택·추천
뉴비 질문이 있어요!,아이템,691,문제 해결
복귀 유저 템셋팅 방향성 질문 있습니다,아이템,707,우선순위
안녕하세요! 뉴비 질문 있어요!,아이템,658,선택·추천
본캐로 키울만한 캐릭터는 무엇일까요?,직업,768,가격·시세
선생님들 챌섭에서 데브팬을 손대다가 이런게 떳는대 가격이 얼마나 하나여,시세,1050,가격·시세
경매장 아이템 시세 질문,아이템,959,가격·시세
챌섭 하드메이린 목표로하고있는데 템세팅 질문드립니다,아이템,891,가격·시세
뉴비 제논 템맞췃는데 한번씩만 봐주시면 감사합니다,직업,701,우선순위
울티마 이벤트링 뭐 받아요 되나요 ?,아이템,1704,가능·적정성
200억 있는 뉴비인데 카인 보조장비 레유 5줄 사면 댈까용,아이템,904,기타 질문
뉴비 어빌 질문,기타,745,우선순위
챌섭뉴비 스펙업 이제 어떻게해야할까요?,아이템,902,선택·추천
아이템버닝 연습모드,퀘스트,1766,문제 해결
메짱행님들 자문구합니다 ㅠㅠ,아이템,578,우선순위
뉴비 제네시스 퀘스트 무기,퀘스트,721,방법·공략
슈퍼뉴비 메소구매 질문드려여..,시세,790,가격·시세
메린이 직업 추천 도와주세용...,직업,596,선택·추천
메린이 풀드메할때 템이름이 뭐임??,아이템,870,가격·시세
메응애 아이템 봐주실분 ㅠ,아이템,675,가능·적정성
이번에 복귀해서 이적자 목표로 템 맞추려고하는데,아이템,706,우선순위
뉴비인데 티타늄화살 질문있는데요,아이템,1042,기타 질문
"메린이 해방퀘 관련 질문드려용,,",퀘스트,767,방법·공략
하드 데미안 1900만 보마 뉴비인데 ㅠㅠ 왜이렇게어렵나요,몬스터,1385,문제 해결
"뉴비 윈브 , 아란 질문드립니다.!!",직업,786,선택·추천
찐 메린이 질문좀 해볼께용 !,기타,713,가격·시세
뉴비 챌린저 목표 장비 앞으로 어떻게 해야할까요 ? ..,아이템,1043,우선순위
안녕하세요. 뉴비 템셋팅하려는데 이해한게 맞을까요?,아이템,990,우선순위
메린이 v매트릭스 스킬 아무거나 막 찍었는데,기타,847,우선순위
이번에 유입한 뉴비 렌 유저 질문,직업,674,문제 해결
복귀유저 본썹 280렌 장비세팅 도와주세용..,시세,818,방법·공략
엔버 뉴비 유입 질문 있슴당 ㅠ,기타,646,가능·적정성
복귀유저인데 환산 7만정도만  찎으려고하는데  템셋 질문,기타,752,가격·시세
이번 챌섭 페어리하트작 뭐가 맞아요..?,기타,18753,기타 질문
리스트레인트 링,아이템,1908,방법·공략
썬콜 vs 보마 선택하려는데..,직업,1113,선택·추천
제네시스 패스 질문,퀘스트,820,가격·시세
재대로 사냥하고 있는게 맞나요 ?,기타,872,기타 질문
메소 구매 질문,기타,1220,선택·추천
챌섭 9만점 목표로 할 때,기타,3599,기타 질문
라운지 정지,기타,1792,기타 질문
템 어디부터 바꿔야되나요,아이템,834,가능·적정성
뉴비 메린이 템 셋팅 질문,아이템,772,선택·추천
복귀한 뉴비인데 자리 한 서버에서 대기타면 넘어 오나요?,기타,977,기타 질문
챌섭뉴비 100억으로 뭐하는게 좋을까요,아이템,1543,기타 질문
메이플 복귀 질문,직업,620,기타 질문
챌섭유입 뉴비 질문!(템사기vs아케인포스올리기),기타,967,선택·추천
챌섭 뉴비는 조각 파는게 맞나요?,아이템,2856,가격·시세
메이플 복귀 유저인데 기존에 키우던 애매한 캐릭은 유기해야될까요,기타,776,가능·적정성
메린이 버닝 순서 실수로 블링크 못 받았는데 삭제가 답인가요?,기타,1081,우선순위
어센트 vs 핵사강화/떡작,기타,1176,선택·추천
뉴비 지금 챌섭에서 드메템 맞추는게 좋을까요??,기타,1227,가격·시세
메이플 이번에 복귀했는데 이제 기본으로 3종펫 안파나요?,기타,667,기타 질문
뉴비 레테 하버없이 키우기 질문있어요,기타,1005,가능·적정성
뉴비라 암것도 모르고 vip 부스터 다 썼는데 수급할곳 없나요?ㅠㅠ,아이템,2508,기타 질문
진짜 헤어만 진짜 헤어만 진짜 헤어만,기타,755,기타 질문
복귀유저 기존캐릭? 챌린저스?,기타,726,기타 질문
뉴비 챌섭 직업 이중에 골라주세요,직업,829,선택·추천
복귀 유저 질문있습니다!,기타,660,가격·시세
리프 5개까지 된다는데 남은 4캐릭은 뭐 키울까요?,직업,683,기타 질문
메린이 메이플 숙제 질문,기타,700,가능·적정성
뉴비 아이템 작 방법이 너무 어려워서 중간에 놓쳤습니다 ㅠ,직업,934,방법·공략
안녕하세요 메린이 챌린저스 질문이 있습니다,기타,691,가능·적정성
복귀 유저 직업선택 고민이용..,직업,681,선택·추천
복귀 유저 질문있습니다!,기타,588,가격·시세
뉴비 진로 질문 드립니다!,아이템,660,우선순위
안녕하세요 찐 뉴비인데요 노멀 스우,기타,856,기타 질문
쌩 뉴비 템셋팅,아이템,1098,우선순위
보마 뉴비 질문있습니다.,기타,684,우선순위
챌섭 200억 템세팅 조언 가능하신분...,아이템,974,가격·시세
뉴비 보조 한번봐주세요,아이템,773,가격·시세
레전드 메린이 사냥 질문있어요,기타,808,기타 질문
챌섭 템셋팅 하려는데 뭐가 좋나요,기타,862,선택·추천
뉴비 제발 살려주세요,퀘스트,862,방법·공략
챌섭 모험가 도적 자전 관련해서 궁금한점 있습니다,직업,926,가격·시세
뉴비인데 아직 루미랑 플위 본캐 고민중인데...,직업,739,선택·추천
262렙 스펙업 순서 이거 맞나요??,기타,1849,우선순위
뉴비 챌섭 너무 어렵네요,기타,922,방법·공략
복귀한 메린…,기타,752,기타 질문
뉴비 도와주세요..,아이템,808,가능·적정성
메이플 완전 뉴비인데 챌섭 메소로 스펙업,기타,1047,우선순위
이벤트 장비 언제까지 써도 될까요,아이템,833,가능·적정성
챌섭 직업 질문좀요,직업,773,기타 질문
챌섭으로 시작한 뉴비인데요 하나도 모르겠어요,직업,1130,기타 질문
뉴비 레테 바뀐체급 어떤가용? 직업정하는데 섀도어 vs레테 그리고 팔라딘..,직업,1786,선택·추천
제네시스 해방 전투력 몇이어야 할까요?,기타,1865,가능·적정성
캡틴 레에 보조 보보방 40억이면 살만한가요,시세,1083,가격·시세
카오스 벨룸은 한주에 한번밖에 못잡나요?(뉴비),기타,1119,방법·공략
뉴비 mvp 블랙 박고 시작하려는데,아이템,1182,가격·시세
제논 스텟,직업,1119,방법·공략
뉴비 챌섭 누구키울까요?,직업,887,기타 질문
뉴비 질문드립니다,기타,698,가능·적정성
복귀유저 훈수좀 부탁함다.,기타,615,가격·시세
뉴비 질문입니다,아이템,645,기타 질문
연모 영약같은거 한번 써야 사용가능한건가요?,기타,725,가능·적정성
윈브 vs 보마,직업,747,선택·추천
아버 날려버렸으면 챌섭 하는 이유 크게 없겠죠?,퀘스트,914,기타 질문
유니크 엠블렘 보상에서 잠재능력이 없어요 ㅠㅠ 뉴비좀도와주세요 ㅠ,아이템,1038,방법·공략
직업추천 아델 vs 레테,직업,1213,선택·추천
챌섭뉴비 질문!,기타,757,우선순위
본섭 복귀할까 싶은데 질문 좀요...,퀘스트,605,선택·추천
복귀 할까 고민중입니다.,기타,688,가격·시세
복귀로 챌썹 렌 해보려는데,아이템,678,가능·적정성
루미 플위 형님들께 질문점 해봅니다,직업,592,기타 질문
뉴비 렌vs레떼 뭐하면되나요?,직업,930,선택·추천
블래스터 질문,직업,613,기타 질문
뉴비 어빌리티 값 질문이염,기타,715,기타 질문
복귀 유저인데 패스 질문 있습니다.,기타,653,기타 질문
최종 아란vs레테,직업,1241,선택·추천
"뉴비 보스 잡는 거 알려주실 분,,,,",기타,1635,기타 질문
복귀뉴비 하버로 본캐 변경 고민..,기타,778,기타 질문
보마vs레테,직업,2120,선택·추천
복귀 뉴비 직업 질문,직업,658,선택·추천
저번 버닝 시작 뉴비 레테 vs 듀블,직업,872,선택·추천
안녕하세요 메린이 복귀했는데 템셋팅을 어떻게 해야할까요,아이템,617,우선순위
아란 vs 레테,직업,1364,선택·추천
메린이 직업 추천좀 부탁드리겠습니다..,직업,769,선택·추천
요새 메이플 목표치를 알려주세요,기타,629,기타 질문
호영 섀도어 카데나중에 고민중입니다 뉴비 살려주세요,직업,613,선택·추천
메린이 보마 너프 질문,직업,1339,기타 질문
본캐 추천 받습니다 와헌 vs 보마 vs 레테,직업,1296,선택·추천
챌섭 메린이 템 세팅 질문있습니다!,아이템,945,가능·적정성
안녕하세요 인생처음 메이플해보는데 도와주세요 ㅠㅠ,기타,848,가능·적정성
뉴비 레테 하려는데 질문드립니다,아이템,1352,가격·시세
200억 정도 들고 챌섭 시작하는데,아이템,1617,가격·시세
뉴비 레테 렌?,직업,1771,기타 질문
진심본캐 나워? 제로?,직업,859,선택·추천
신규 직업 버프라던데,직업,13541,기타 질문
챌섭 뉴비 직업추천해주세요,직업,850,선택·추천
뉴비도 이번 달 검마 가능한가요??,기타,1496,가능·적정성
직업별 챌린저스 서버 시드링,직업,5883,선택·추천
작년 여름챌섭 복귀하려는데 원래끼던 도전자장비자리를 뭐로 맞춰야할까요,아이템,687,선택·추천
챌섭에서 키울 직업 질문이 있어요,직업,628,가능·적정성
안녕하세요 선생님들 직업추천 부탁드립니다,직업,732,선택·추천
메짱이 형님들 나로 vs 보마 동일스펙 어떤게 좋나요?,직업,718,선택·추천
뉴비 찐최종 듀블 VS 아델,직업,861,선택·추천
직업 뭐할지 아직도 못정했어요,직업,554,선택·추천
접슝좍 새계정으로 본섭 복귀하려는데,직업,677,선택·추천
이번 복귀 직업 추천좀;,직업,633,선택·추천
뉴비 150억 정도 들고 시작할거 같은대 질문좀...,기타,702,가격·시세
렌 나왔을때 잠깐했는데 복귀해도 같은 루트인가요?,기타,771,가능·적정성
